Nome antigo,Nome novo,Status
AC00101A-NTSC-U-Platinum.jpg,Dave Mirra Freestyle BMX 2 - NTSC - U - PLATINUM.jpg,RENOMEADO
AC00101A.jpg,Dave Mirra Freestyle BMX 2.jpg,RENOMEADO
AC00102E-PAL-DEU.jpg,Dave Mirra Freestyle BMX 2 - PAL - DEU.jpg,RENOMEADO
AC00102E.jpg,Dave Mirra Freestyle BMX 2 (2).jpg,RENOMEADO
AC00201A.jpg,All-Star Baseball '03.jpg,RENOMEADO
AC00203J.jpg,All-Star Baseball '03 (2).jpg,RENOMEADO
AC00301A.jpg,Legends of Wrestling.jpg,RENOMEADO
AC00401A.jpg,Turok Evolution.jpg,RENOMEADO
AC00402E-PAL-FRA.jpg,Turok Evolution - PAL - FRA.jpg,RENOMEADO
AC00402E-PAL-GBR-Classics.jpg,Turok Evolution - PAL - GBR - CLASSICS.jpg,RENOMEADO
AC00402E-PAL-GBR-ELSPA-Fixed.jpg,Turok Evolution - PAL - GBR - ELSPA - FIXED.jpg,RENOMEADO
AC00402E.jpg,Turok Evolution (2).jpg,RENOMEADO
AC00503A.jpg,Vexx.jpg,RENOMEADO
AC00504E.jpg,Vexx (2).jpg,RENOMEADO
AC00601A.jpg,Burnout.jpg,RENOMEADO
AC00602E.jpg,Burnout (2).jpg,RENOMEADO
AC00701A.jpg,Aggressive Inline.jpg,RENOMEADO
AC00702E-PAL-DEU.jpg,Aggressive Inline - PAL - DEU.jpg,RENOMEADO
AC00702E.jpg,Aggressive Inline (2).jpg,RENOMEADO
AC01001A.jpg,ATV Quad Power Racing 2.jpg,RENOMEADO
AC01101A.jpg,Speed Kings.jpg,RENOMEADO
AC01102E-PAL-DEU.jpg,Speed Kings - PAL - DEU.jpg,RENOMEADO
AC01102E.jpg,Speed Kings (2).jpg,RENOMEADO
AC01202E-PAL-DEU.jpg,Urban Freestyle Soccer - PAL - DEU.jpg,RENOMEADO
AC01202E.jpg,Urban Freestyle Soccer.jpg,RENOMEADO
AC01203A-NTSC-U-Blockbuster.jpg,Freestyle Street Soccer - NTSC - U - BLOCKBUSTER.jpg,RENOMEADO
AC01203A.jpg,Freestyle Street Soccer.jpg,RENOMEADO
AC01301E.jpg,AFL Live 2003.jpg,RENOMEADO
AC01401A.jpg,BMX XXX.jpg,RENOMEADO
AC01402E-PAL-DEU.jpg,BMX XXX - PAL - DEU.jpg,RENOMEADO
AC01402E.jpg,BMX XXX (2).jpg,RENOMEADO
AC01501A.jpg,Legends of Wrestling 2.jpg,RENOMEADO
AC01502E-PAL-FRA.jpg,Legends of Wrestling 2 - PAL - FRA.jpg,RENOMEADO
AC01502E.jpg,Legends of Wrestling 2 (2).jpg,RENOMEADO
AC01601A.jpg,SX Superstar.jpg,RENOMEADO
AC01602E-PAL-AUS.jpg,SX Superstar - PAL - AUS.jpg,RENOMEADO
AC01602E-PAL-DEU.jpg,SX Superstar - PAL - DEU.jpg,RENOMEADO
AC01602E.jpg,SX Superstar (2).jpg,RENOMEADO
AC01901A.jpg,NBA Jam 2004.jpg,RENOMEADO
AC01903E-PAL-AUS.jpg,NBA Jam 2004 - PAL - AUS.jpg,RENOMEADO
AC01903E-PAL-DEU.jpg,NBA Jam 2004 - PAL - DEU.jpg,RENOMEADO
AC01903E.jpg,NBA Jam 2004 (2).jpg,RENOMEADO
AC02001A.jpg,XGRA.jpg,RENOMEADO
AC02002E-PAL-DEU.jpg,XGRA - PAL - DEU.jpg,RENOMEADO
AC02002E.jpg,XGRA (2).jpg,RENOMEADO
AC02201A.jpg,ALIAS.jpg,RENOMEADO
AC02202E-PAL-AUS.jpg,ALIAS - PAL - AUS.jpg,RENOMEADO
AC02202E-PAL-DEU.jpg,ALIAS - PAL - DEU.jpg,RENOMEADO
AC02202E-PAL-FRA.jpg,ALIAS - PAL - FRA.jpg,RENOMEADO
AC02202E.jpg,ALIAS (2).jpg,RENOMEADO
AC02301E-PAL-DEU.jpg,Dakar 2 - PAL - DEU.jpg,RENOMEADO
AC02301E-PAL-FRA.jpg,Dakar 2 - PAL - FRA.jpg,RENOMEADO
AC02301E.jpg,Dakar 2.jpg,RENOMEADO
AC02302A.jpg,Dakar 2 (2).jpg,RENOMEADO
AC02401A.jpg,All-Star Baseball '04.jpg,RENOMEADO
AC02503A.jpg,Burnout 2.jpg,RENOMEADO
AC02504E.jpg,Burnout 2 (2).jpg,RENOMEADO
AC02601A.jpg,Gladiator SoV.jpg,RENOMEADO
AC02602E-PAL-DEU.jpg,Gladiator SoV - PAL - DEU.jpg,RENOMEADO
AC02602E.jpg,Gladiator SoV (2).jpg,RENOMEADO
AC02603E.jpg,Gladiator SoV (3).jpg,RENOMEADO
AC02702E.jpg,AFL Live 2004.jpg,RENOMEADO
AC02801A.jpg,All-Star Baseball '05.jpg,RENOMEADO
AC02903A.jpg,SHOWDOWN LEGENDS OF WRESTLING.jpg,RENOMEADO
AC02904E.jpg,SHOWDOWN LEGENDS OF WRESTLING (2).jpg,RENOMEADO
AC03101E-PAL-AUS.jpg,World Championship Rugby - PAL - AUS.jpg,RENOMEADO
AC03101E.jpg,World Championship Rugby.jpg,RENOMEADO
AC03501E.jpg,AFL Live Premiership Edition.jpg,RENOMEADO
AD00201A.jpg,PUMP IT UP EXCEED.jpg,RENOMEADO
AH00202E-PAL-AUS.jpg,Playboy the Mansion - PAL - AUS.jpg,RENOMEADO
AH00202E-PAL-DEU.jpg,Playboy the Mansion - PAL - DEU.jpg,RENOMEADO
AH00202E-PAL-FRA.jpg,Playboy the Mansion - PAL - FRA.jpg,RENOMEADO
AH00202E.jpg,Playboy the Mansion.jpg,RENOMEADO
AH00203A.jpg,Playboy the Mansion (2).jpg,RENOMEADO
AP00101J.jpg,Tenerezza.jpg,RENOMEADO
AQ00101J.jpg,PetitCopter.jpg,RENOMEADO
AQ00201J.jpg,FlightAcademy.jpg,RENOMEADO
AQ00301J.jpg,Yukikaze.jpg,RENOMEADO
AS00101J.jpg,BREAK NINE.jpg,RENOMEADO
AT00101J.jpg,TougeR.jpg,RENOMEADO
AT00201J.jpg,DDS9.jpg,RENOMEADO
AT00301A.jpg,ProFishingChallenge.jpg,RENOMEADO
AT00402K.jpg,Galleon.jpg,RENOMEADO
AV00102A.jpg,Tony Hawk's Pro Skater 2X.jpg,RENOMEADO
AV00201A.jpg,Kelly Slater's Pro Surfer.jpg,RENOMEADO
AV00203E.jpg,Kelly Slater's Pro Surfer (2).jpg,RENOMEADO
AV00301E.jpg,Street Hoops.jpg,RENOMEADO
AV00302A.jpg,Street Hoops (2).jpg,RENOMEADO
AV00401A.jpg,Tony Hawk's Pro Skater 3.jpg,RENOMEADO
AV00402E.jpg,Tony Hawk's Pro Skater 3 (2).jpg,RENOMEADO
AV00502A.jpg,Blade II.jpg,RENOMEADO
AV00601A.jpg,Spider-Man.jpg,RENOMEADO
AV00602E.jpg,Spider-Man (2).jpg,RENOMEADO
AV00609A.jpg,Spider-Man (3).jpg,RENOMEADO
AV00702E-PAL-ESP.jpg,X-Men Next Dimension - PAL - ESP.jpg,RENOMEADO
AV00702E.jpg,X-Men Next Dimension.jpg,RENOMEADO
AV00705A.jpg,X-Men Next Dimension (2).jpg,RENOMEADO
AV00801E-PAL-AUS.jpg,X2 Wolverine's Revenge - PAL - AUS.jpg,RENOMEADO
AV00801E.jpg,X2 Wolverine's Revenge.jpg,RENOMEADO
AV00802A.jpg,X2 Wolverine's Revenge (2).jpg,RENOMEADO
AV00803E.jpg,X2 Wolverine's Revenge (3).jpg,RENOMEADO
AV00805J.jpg,X2 Wolverine's Revenge (4).jpg,RENOMEADO
AV00901E.jpg,Rally Fusion Race Of Champions.jpg,RENOMEADO
AV00902A.jpg,Rally Fusion Race Of Champions (2).jpg,RENOMEADO
AV00903E-PAL-FRA.jpg,Rally Fusion Race Of Champions - PAL - FRA.jpg,RENOMEADO
AV00903E.jpg,Rally Fusion Race Of Champions (3).jpg,RENOMEADO
AV01001A.jpg,WRECKLESS.jpg,RENOMEADO
AV01101A.jpg,Mat Hoffman's Pro BMX 2.jpg,RENOMEADO
AV01201E-PAL-AUS.jpg,WRECKLESS - PAL - AUS.jpg,RENOMEADO
AV01201E.jpg,WRECKLESS (2).jpg,RENOMEADO
AV01202E.jpg,WRECKLESS (3).jpg,RENOMEADO
AV01203E.jpg,WRECKLESS (4).jpg,RENOMEADO
AV01301E-PAL-DEU.jpg,Wakeboarding Unleashed - PAL - DEU.jpg,RENOMEADO
AV01301E.jpg,Wakeboarding Unleashed.jpg,RENOMEADO
AV01302A.jpg,Wakeboarding Unleashed (2).jpg,RENOMEADO
AV01304J.jpg,Wakeboarding Unleashed (3).jpg,RENOMEADO
AV01406K-NTSC-U-Platinum.jpg,True Crime Streets of LA - NTSC - U - PLATINUM.jpg,RENOMEADO
AV01406K.jpg,True Crime Streets of LA.jpg,RENOMEADO
AV01407E-PAL-AUS-Classics.jpg,True Crime Streets of LA - PAL - AUS - CLASSICS.jpg,RENOMEADO
AV01407E-PAL-AUS.jpg,True Crime Streets of LA - PAL - AUS.jpg,RENOMEADO
AV01407E.jpg,True Crime Streets of LA (2).jpg,RENOMEADO
AV01408E.jpg,True Crime Streets of LA (3).jpg,RENOMEADO
AV01409J.jpg,True Crime Streets of LA (4).jpg,RENOMEADO
AV01501E.jpg,Star Wars Obi-Wan.jpg,RENOMEADO
AV01602W-NTSC-J-World-Collection.jpg,Wolfenstein - NTSC - J - WORLD - COLLECTION.jpg,RENOMEADO
AV01602W-NTSC-U-Platinum.jpg,Wolfenstein - NTSC - U - PLATINUM.jpg,RENOMEADO
AV01602W-PAL-AUS.jpg,Wolfenstein - PAL - AUS.jpg,RENOMEADO
AV01602W-PAL-GBR.jpg,Wolfenstein - PAL - GBR.jpg,RENOMEADO
AV01602W.jpg,Wolfenstein.jpg,RENOMEADO
AV01604E.jpg,Wolfenstein (2).jpg,RENOMEADO
AV02001A.jpg,Minority Report.jpg,RENOMEADO
AV02003E.jpg,Minority Report (2).jpg,RENOMEADO
AV02104E.jpg,Jedi Knight II.jpg,RENOMEADO
AV02105E.jpg,Jedi Knight II (2).jpg,RENOMEADO
AV02301A-NTSC-U-Platinum.jpg,Tony Hawk's Pro Skater 4 - NTSC - U - PLATINUM.jpg,RENOMEADO
AV02301A.jpg,Tony Hawk's Pro Skater 4.jpg,RENOMEADO
AV02302E-PAL-AUS.jpg,Tony Hawk's Pro Skater 4 - PAL - AUS.jpg,RENOMEADO
AV02302E.jpg,Tony Hawk's Pro Skater 4 (2).jpg,RENOMEADO
AV02303E.jpg,Tony Hawk's Pro Skater 4 (3).jpg,RENOMEADO
AV02305E.jpg,Tony Hawk's Pro Skater 4 (4).jpg,RENOMEADO
AV02401A.jpg,Pitfall The Lost Expedition.jpg,RENOMEADO
AV02403E.jpg,Pitfall The Lost Expedition (2).jpg,RENOMEADO
AV02404E.jpg,Pitfall The Lost Expedition (3).jpg,RENOMEADO
AV02501A.jpg,Cabela's Dangerous Hunts.jpg,RENOMEADO
AV02503E-PAL-AUS.jpg,Cabela's Dangerous Hunts - PAL - AUS.jpg,RENOMEADO
AV02503E.jpg,Cabela's Dangerous Hunts (2).jpg,RENOMEADO
AV02601W.jpg,Fantastic Four.jpg,RENOMEADO
AV02705W.jpg,Soldier of Fortune II.jpg,RENOMEADO
AV02706E-PAL-AUS.jpg,Soldier of Fortune II - PAL - AUS.jpg,RENOMEADO
AV02706E-PAL-DEU.jpg,Soldier of Fortune II - PAL - DEU.jpg,RENOMEADO
AV02706E.jpg,Soldier of Fortune II (2).jpg,RENOMEADO
AV03001W-PAL-GBR.jpg,X-Men Legends - PAL - GBR.jpg,RENOMEADO
AV03001W.jpg,X-Men Legends.jpg,RENOMEADO
AV03002E.jpg,X-Men Legends (2).jpg,RENOMEADO
AV03101A.jpg,Lemony Snicket's Series.jpg,RENOMEADO
AV03102E.jpg,Lemony Snicket's Series (2).jpg,RENOMEADO
AV03202E.jpg,DOOM 3.jpg,RENOMEADO
AV03203W.jpg,DOOM 3 (2).jpg,RENOMEADO
AV03205W.jpg,DOOM 3 (3).jpg,RENOMEADO
AV03401K.jpg,MTX Mototrax.jpg,RENOMEADO
AV03402E-PAL-FRA.jpg,MTX Mototrax - PAL - FRA.jpg,RENOMEADO
AV03402E.jpg,MTX Mototrax (2).jpg,RENOMEADO
AV03801K.jpg,Tenchu Return From Darkness.jpg,RENOMEADO
AV03901A.jpg,Disney Extreme Skate Adventure.jpg,RENOMEADO
AV03902E.jpg,Disney Extreme Skate Adventure (2).jpg,RENOMEADO
AV03903E-PAL-FRA.jpg,Disney Extreme Skate Adventure - PAL - FRA.jpg,RENOMEADO
AV03903E.jpg,Disney Extreme Skate Adventure (3).jpg,RENOMEADO
AV04201W-PAL-GBR.jpg,Call of Duty Finest Hour - PAL - GBR.jpg,RENOMEADO
AV04201W.jpg,Call of Duty Finest Hour.jpg,RENOMEADO
AV04204J.jpg,Call of Duty ファイネストアワー.jpg,RENOMEADO
AV04304W.jpg,Spider-Man 2.jpg,RENOMEADO
AV04305E.jpg,Spider-Man 2 (2).jpg,RENOMEADO
AV04501K.jpg,Tony Hawk's Underground.jpg,RENOMEADO
AV04502E-PAL-AUS.jpg,Tony Hawk's Underground - PAL - AUS.jpg,RENOMEADO
AV04502E-PAL-DEU.jpg,Tony Hawk's Underground - PAL - DEU.jpg,RENOMEADO
AV04502E.jpg,Tony Hawk's Underground (2).jpg,RENOMEADO
AV04801A.jpg,Deer Hunt 2004 Season.jpg,RENOMEADO
AV05301W.jpg,Ultimate Spider-Man.jpg,RENOMEADO
AV05302E.jpg,Ultimate Spider-Man (2).jpg,RENOMEADO
AV05303E-PAL-AUS.jpg,Ultimate Spider-Man - PAL - AUS.jpg,RENOMEADO
AV05303E.jpg,Ultimate Spider-Man (3).jpg,RENOMEADO
AV05401E.jpg,Tenchu Return From Darkness (2).jpg,RENOMEADO
AV05503E.jpg,Shrek 2.jpg,RENOMEADO
AV05504E.jpg,Shrek 2 (2).jpg,RENOMEADO
AV05507K-NTSC-J.jpg,Shrek 2 - NTSC - J.jpg,RENOMEADO
AV05507K-NTSC-U-Platinum.jpg,Shrek 2 - NTSC - U - PLATINUM.jpg,RENOMEADO
AV05507K.jpg,Shrek 2 (3).jpg,RENOMEADO
AV05508E-PAL-ESP.jpg,Shrek 2 - PAL - ESP.jpg,RENOMEADO
AV05508E.jpg,Shrek 2 (4).jpg,RENOMEADO
AV05509E.jpg,Shrek 2 (5).jpg,RENOMEADO
AV05601W-PAL-AUS.jpg,Shark Tale - PAL - AUS.jpg,RENOMEADO
AV05601W-PAL-GBR.jpg,Shark Tale - PAL - GBR.jpg,RENOMEADO
AV05601W.jpg,Shark Tale.jpg,RENOMEADO
AV05602E-PAL-FRA.jpg,,NAO IDENTIFICADO
AV05602E.jpg,,NAO IDENTIFICADO
AV05801W-NTSC-J-World-Collection.jpg,Rapala Pro Fishing - NTSC - J - WORLD - COLLECTION.jpg,RENOMEADO
AV05801W.jpg,Rapala Pro Fishing.jpg,RENOMEADO
AV05902E-PAL-DEU.jpg,Madagascar - PAL - DEU.jpg,RENOMEADO
AV05902E-PAL-FRA.jpg,Madagascar - PAL - FRA.jpg,RENOMEADO
AV05902E.jpg,Madagascar.jpg,RENOMEADO
AV05905L.jpg,Madagascar (2).jpg,RENOMEADO
AV06001W-PAL-AUS.jpg,THUG 2 - PAL - AUS.jpg,RENOMEADO
AV06001W-PAL-GBR.jpg,THUG 2 - PAL - GBR.jpg,RENOMEADO
AV06001W.jpg,THUG 2.jpg,RENOMEADO
AV06101W.jpg,American Chopper.jpg,RENOMEADO
AV06201W.jpg,Cabela's Big Game Hunter 2005 Adventures.jpg,RENOMEADO
AV06301W-PAL-AUS.jpg,Cabela's Deer Hunt 2005 Season - PAL - AUS.jpg,RENOMEADO
AV06301W.jpg,Cabela's Deer Hunt 2005 Season.jpg,RENOMEADO
AV06401W-PAL-AUS.jpg,Bicycle Casino - PAL - AUS.jpg,RENOMEADO
AV06401W-PAL-DEU.jpg,Bicycle Casino - PAL - DEU.jpg,RENOMEADO
AV06401W-PAL-GBR.jpg,Bicycle Casino - PAL - GBR.jpg,RENOMEADO
AV06401W.jpg,Bicycle Casino.jpg,RENOMEADO
AV06501A.jpg,Monster Garage.jpg,RENOMEADO
AV06601W.jpg,Greg Hastings' Tournament Paintball.jpg,RENOMEADO
AV06901K.jpg,True Crime New York City.jpg,RENOMEADO
AV06902E.jpg,True Crime New York City (2).jpg,RENOMEADO
AV07001W-PAL-GBR.jpg,XmenFINAL - PAL - GBR.jpg,RENOMEADO
AV07001W.jpg,XmenFINAL.jpg,RENOMEADO
AV07101W-PAL-GBR.jpg,X-Men Legends 2 Rise of Apocalypse - PAL - GBR.jpg,RENOMEADO
AV07101W-PAL-NLD.jpg,X-Men Legends 2 Rise of Apocalypse - PAL - NLD.jpg,RENOMEADO
AV07101W.jpg,X-Men Legends 2 Rise of Apocalypse.jpg,RENOMEADO
AV07102E.jpg,X-Men Legends 2 Rise of Apocalypse (2).jpg,RENOMEADO
AV07201W.jpg,Shrek SuperSlam.jpg,RENOMEADO
AV07301W-PAL-GBR.jpg,American Wasteland - PAL - GBR.jpg,RENOMEADO
AV07301W.jpg,American Wasteland.jpg,RENOMEADO
AV07501W.jpg,Gun.jpg,RENOMEADO
AV07701W.jpg,Cabela's Outdoor Adventures.jpg,RENOMEADO
AV07802W.jpg,DOOM 3 RoE.jpg,RENOMEADO
AV07901W.jpg,American Chopper 2 Full Throttle.jpg,RENOMEADO
AV08001W.jpg,Shamu's Deep Sea Adventures.jpg,RENOMEADO
AV08101W.jpg,Call of Duty 2 Big Red One.jpg,RENOMEADO
AV08104W.jpg,Call of Duty 2 Big Red One (CE).jpg,RENOMEADO
AV08201W-PAL-AUS.jpg,Dangerous 2 - PAL - AUS.jpg,RENOMEADO
AV08201W.jpg,Dangerous 2.jpg,RENOMEADO
AV08402W-PAL-AUS.jpg,World Series of Poker - PAL - AUS.jpg,RENOMEADO
AV08402W-PAL-GBR.jpg,World Series of Poker - PAL - GBR.jpg,RENOMEADO
AV08402W.jpg,World Series of Poker.jpg,RENOMEADO
AV08501W-PAL-AUS.jpg,TY the Tasmanian Tiger™ 3 - PAL - AUS.jpg,RENOMEADO
AV08501W.jpg,TY the Tasmanian Tiger™ 3.jpg,RENOMEADO
AV08701W.jpg,GHTP Max'd.jpg,RENOMEADO
AV08805W.jpg,Over the Hedge.jpg,RENOMEADO
AV09101W.jpg,The Hustle.jpg,RENOMEADO
AV09201W-PAL-GBR.jpg,Marvel Ultimate Alliance - PAL - GBR.jpg,RENOMEADO
AV09201W.jpg,Marvel Ultimate Alliance.jpg,RENOMEADO
AV09304W.jpg,Call of Duty 3.jpg,RENOMEADO
AV09306E.jpg,Call of Duty 3 (2).jpg,RENOMEADO
AV09401W-PAL-DEU.jpg,Tony Hawk's Project 8 - PAL - DEU.jpg,RENOMEADO
AV09401W-PAL-FRA.jpg,Tony Hawk's Project 8 - PAL - FRA.jpg,RENOMEADO
AV09401W.jpg,Tony Hawk's Project 8.jpg,RENOMEADO
AW00101J.jpg,GUILTY GEAR ISUKA.jpg,RENOMEADO
AY00201K.jpg,Stubbs the Zombie.jpg,RENOMEADO
AY00202E.jpg,Stubbs the Zombie (2).jpg,RENOMEADO
AY00401K.jpg,Dreamfall.jpg,RENOMEADO
BA00101J.jpg,Digimon Battle Chronicle.jpg,RENOMEADO
BA00102A.jpg,Digimon Rumble Arena 2.jpg,RENOMEADO
BA00202J.jpg,デジモンワールドＸ.jpg,RENOMEADO
BA00203A.jpg,DigimonWorld4.jpg,RENOMEADO
BB00202E.jpg,Dance UK.jpg,RENOMEADO
BM00102E-PAL-DEU.jpg,Chase - PAL - DEU.jpg,RENOMEADO
BM00102E-PAL-FRA.jpg,Chase - PAL - FRA.jpg,RENOMEADO
BM00102E.jpg,Chase.jpg,RENOMEADO
BM00103A.jpg,Chase (2).jpg,RENOMEADO
BM00201A.jpg,Reign Of Fire.jpg,RENOMEADO
BM00202E-PAL-DEU.jpg,Reign Of Fire - PAL - DEU.jpg,RENOMEADO
BM00202E-PAL-FRA.jpg,Reign Of Fire - PAL - FRA.jpg,RENOMEADO
BM00202E.jpg,Reign Of Fire (2).jpg,RENOMEADO
BM00301K.jpg,Project Zoo.jpg,RENOMEADO
BM00302E-PAL-DEU.jpg,Project Zoo - PAL - DEU.jpg,RENOMEADO
BM00302E.jpg,Project Zoo (2).jpg,RENOMEADO
BM00601A.jpg,Carmen SanDiego.jpg,RENOMEADO
BR00101J.jpg,GalaxyAngel.jpg,RENOMEADO
BS00101A-NTSC-U-Platinum.jpg,Morrowind - NTSC - U - PLATINUM.jpg,RENOMEADO
BS00101A.jpg,Morrowind.jpg,RENOMEADO
BS00401A.jpg,Pirates of the Caribbean.jpg,RENOMEADO
BS00402E-PAL-DEU.jpg,Pirates of the Caribbean - PAL - DEU.jpg,RENOMEADO
BS00402E-PAL-ESP.jpg,Pirates of the Caribbean - PAL - ESP.jpg,RENOMEADO
BS00402E-PAL-FRA.jpg,Pirates of the Caribbean - PAL - FRA.jpg,RENOMEADO
BS00402E.jpg,Pirates of the Caribbean (2).jpg,RENOMEADO
BS00503A.jpg,Morrowind Game of the Year.jpg,RENOMEADO
BS00505E.jpg,Morrowind Game of the Year (2).jpg,RENOMEADO
BS00601A.jpg,IHRA.jpg,RENOMEADO
BS00701A.jpg,Call of Cthulhu Dark Corners of the Ear.jpg,RENOMEADO
BS00702E-PAL-DEU.jpg,Call of Cthulhu Dark Corners of the Ear - PAL - DEU.jpg,RENOMEADO
BS00702E-PAL-FRA.jpg,Call of Cthulhu Dark Corners of the Ear - PAL - FRA.jpg,RENOMEADO
BS00702E.jpg,Call of Cthulhu Dark Corners of the Ear (2).jpg,RENOMEADO
BS00901A.jpg,AMF Bowling 2004.jpg,RENOMEADO
BS01001A.jpg,Malice.jpg,RENOMEADO
BS01101A.jpg,Powerdrome.jpg,RENOMEADO
BS01102E-PAL-AUS.jpg,Powerdrome - PAL - AUS.jpg,RENOMEADO
BS01102E.jpg,Powerdrome (2).jpg,RENOMEADO
BS01201A.jpg,IHRA Pro 2005.jpg,RENOMEADO
BS01501A.jpg,High Rollers Casino.jpg,RENOMEADO
BS01701A.jpg,IHRA Sportsman.jpg,RENOMEADO
BS01801A.jpg,Breeders' Cup World Thoroughbred Champio.jpg,RENOMEADO
BS02001A.jpg,AMF Xtreme Bowling 2006.jpg,RENOMEADO
BU00101J.jpg,DOUBLE-STEAL.jpg,RENOMEADO
BU00401J.jpg,DOUBLE S.T.E.A.L SECOND CLASH.jpg,RENOMEADO
BV00102W-PAL-GBR.jpg,Tron 2.0 Killer App - PAL - GBR.jpg,RENOMEADO
BV00102W.jpg,Tron 2.0 Killer App.jpg,RENOMEADO
BV00201W.jpg,Chicken Little.jpg,RENOMEADO
BV00202E.jpg,Chicken Little (2).jpg,RENOMEADO
BV00301K-NTSC-UC.jpg,"The Chronicles of Narnia The Lion, the - NTSC - UC.jpg",RENOMEADO
BV00301K.jpg,"The Chronicles of Narnia The Lion, the.jpg",RENOMEADO
BV00401A-NTSC-UC.jpg,Tim Burton's The Nightmare Before Christ - NTSC - UC.jpg,RENOMEADO
BV00401A.jpg,Tim Burton's The Nightmare Before Christ.jpg,RENOMEADO
BV00402E.jpg,Tim Burton's The Nightmare Before Christ (2).jpg,RENOMEADO
BW00102E.jpg,Robot Wars Extreme Destruction.jpg,RENOMEADO
CC00102E.jpg,GENMA ONIMUSHA.jpg,RENOMEADO
CC00103J.jpg,GENMA ONIMUSHA (2).jpg,RENOMEADO
CC00104A.jpg,GENMA ONIMUSHA (3).jpg,RENOMEADO
CC00201A.jpg,STEEL BATTALION.jpg,RENOMEADO
CC00202E.jpg,STEEL BATTALION (2).jpg,RENOMEADO
CC00203J.jpg,TEKKI.jpg,RENOMEADO
CC00302E.jpg,DINO CRISIS 3.jpg,RENOMEADO
CC00303J.jpg,DINO CRISIS 3 (2).jpg,RENOMEADO
CC00304K.jpg,DINO CRISIS 3 (3).jpg,RENOMEADO
CC00401J.jpg,UFC2 TAPOUT.jpg,RENOMEADO
CC00503E-PAL-DEU.jpg,GROUP-S - PAL - DEU.jpg,RENOMEADO
CC00503E.jpg,GROUP-S.jpg,RENOMEADO
CC00504J.jpg,CIRCUS DRIVE.jpg,RENOMEADO
CC00505K.jpg,GROUP-S (2).jpg,RENOMEADO
CC00701J.jpg,MARVEL VS. CAPCOM2.jpg,RENOMEADO
CC00702A.jpg,MARVEL VS. CAPCOM2 (2).jpg,RENOMEADO
CC00801J.jpg,CAPCOM VS. SNK2 EO.jpg,RENOMEADO
CC00802A.jpg,CAPCOM VS. SNK2 EO (2).jpg,RENOMEADO
CC00901W-PAL-GBR.jpg,,NAO IDENTIFICADO
CC00901W.jpg,,NAO IDENTIFICADO
CC01001J.jpg,Spider-Man (4).jpg,RENOMEADO
CC01101J.jpg,LAKEMASTERS.jpg,RENOMEADO
CC01102A.jpg,PROCAST.jpg,RENOMEADO
CC01103E.jpg,PROCAST (2).jpg,RENOMEADO
CC01202E-PAL-DEU.jpg,Robin HoodDotC - PAL - DEU.jpg,RENOMEADO
CC01202E-PAL-FRA.jpg,Robin HoodDotC - PAL - FRA.jpg,RENOMEADO
CC01202E.jpg,Robin HoodDotC.jpg,RENOMEADO
CC01203K.jpg,Robin HoodDotC (2).jpg,RENOMEADO
CC01402W-NTSC-J.jpg,auto modellista - NTSC - J.jpg,RENOMEADO
CC01402W.jpg,auto modellista.jpg,RENOMEADO
CC01503W.jpg,Street Fighter Anniversary Collection.jpg,RENOMEADO
CC01504W.jpg,Street Fighter Anniversary Collection (2).jpg,RENOMEADO
CC01601W-NTSC-J.jpg,Capcom Fighting Evo.Jam - NTSC - J.jpg,RENOMEADO
CC01601W.jpg,Capcom Fighting Evo.Jam.jpg,RENOMEADO
CC01701A.jpg,Megaman Anniversary Collection.jpg,RENOMEADO
CC01901A.jpg,Final Fight Streetwise.jpg,RENOMEADO
CC01902E.jpg,Final Fight Streetwise (2).jpg,RENOMEADO
CC02003W-PAL-GBR.jpg,Without Warning - PAL - GBR.jpg,RENOMEADO
CC02003W.jpg,Without Warning.jpg,RENOMEADO
CC02101J.jpg,BeatDown.jpg,RENOMEADO
CC02102A.jpg,BeatDown - Fists of Vengeance.jpg,RENOMEADO
CC02201A.jpg,Darkwatch.jpg,RENOMEADO
CC02401W-PAL-DEU.jpg,Capcom Classics Collection - PAL - DEU.jpg,RENOMEADO
CC02401W-PAL-GBR.jpg,Capcom Classics Collection - PAL - GBR.jpg,RENOMEADO
CC02401W.jpg,Capcom Classics Collection.jpg,RENOMEADO
CC02501K.jpg,Capcom Classics Vol. 2.jpg,RENOMEADO
CK00101J.jpg,大戦略VII.jpg,RENOMEADO
CK00102A.jpg,Dai Senryaku VII.jpg,RENOMEADO
CM00101E-PAL-DEU.jpg,Colin McRae Rally 3 - PAL - DEU.jpg,RENOMEADO
CM00101E.jpg,Colin McRae Rally 3.jpg,RENOMEADO
CM00104A.jpg,Colin McRae Rally 3 (2).jpg,RENOMEADO
CM00202E.jpg,Race Driver.jpg,RENOMEADO
CM00203A.jpg,Race Driver (2).jpg,RENOMEADO
CM00205E.jpg,Race Driver (3).jpg,RENOMEADO
CM00301A.jpg,Mike Tyson Heavyweight Boxing.jpg,RENOMEADO
CM00302E.jpg,Mike Tyson Heavyweight Boxing (2).jpg,RENOMEADO
CM00406E.jpg,LMA Manager 2003.jpg,RENOMEADO
CM00601E-PAL-DEU-FRA.jpg,INDYCAR™ SERIES - PAL - DEU - FRA.jpg,RENOMEADO
CM00601E.jpg,INDYCAR™ SERIES.jpg,RENOMEADO
CM00603A.jpg,INDYCAR™ SERIES (2).jpg,RENOMEADO
CM00801E.jpg,Prisoner Of War.jpg,RENOMEADO
CM00803A.jpg,Prisoner Of War (2).jpg,RENOMEADO
CM01202E-PAL-ITA.jpg,Club Football - PAL - ITA.jpg,RENOMEADO
CM01202E.jpg,Club Football.jpg,RENOMEADO
CM01301E.jpg,WCS2003.jpg,RENOMEADO
CM01401E.jpg,Race Driver +.jpg,RENOMEADO
CM01405E.jpg,V8 Super Cars Race Driver.jpg,RENOMEADO
CM01501E.jpg,LMA Manager 2004.jpg,RENOMEADO
CM01502E.jpg,BDFL Manager 2004.jpg,RENOMEADO
CM01602E.jpg,Colin McRae Rally 04.jpg,RENOMEADO
CM01603A.jpg,Colin McRae Rally 04 (2).jpg,RENOMEADO
CM01701E.jpg,Race Driver 2.jpg,RENOMEADO
CM01702A.jpg,Race Driver 2 (2).jpg,RENOMEADO
CM01705E.jpg,Race Driver 2 (3).jpg,RENOMEADO
CM01801E.jpg,Club Football (2).jpg,RENOMEADO
CM01901E.jpg,Club Football (3).jpg,RENOMEADO
CM02001E.jpg,Club Football (4).jpg,RENOMEADO
CM02101E.jpg,Club Football (5).jpg,RENOMEADO
CM02201E.jpg,Club Football (6).jpg,RENOMEADO
CM02301E.jpg,Club Football (7).jpg,RENOMEADO
CM02401E.jpg,Club Football (8).jpg,RENOMEADO
CM02501E.jpg,Club Football (9).jpg,RENOMEADO
CM02701E.jpg,Club Football (10).jpg,RENOMEADO
CM02801E.jpg,Club Football (11).jpg,RENOMEADO
CM02901E.jpg,Club Football (12).jpg,RENOMEADO
CM03001E.jpg,Club Football (13).jpg,RENOMEADO
CM03202E.jpg,Club Football (14).jpg,RENOMEADO
CM03301E.jpg,Club Football (15).jpg,RENOMEADO
CM03401E.jpg,Club Football (16).jpg,RENOMEADO
CM03501E.jpg,Club Football (17).jpg,RENOMEADO
CM03602A.jpg,IndyCar® Series 2005.jpg,RENOMEADO
CM03603E.jpg,IndyCar® Series 2005 (2).jpg,RENOMEADO
CM04001E.jpg,EIF.jpg,RENOMEADO
CM04101E.jpg,MTV Music Generator 3.jpg,RENOMEADO
CM04102A.jpg,MTV Music Generator 3 - This is the Rem.jpg,RENOMEADO
CM04201E.jpg,World Championship Snooker 2004.jpg,RENOMEADO
CM04301E-PAL-NLD.jpg,Colin McRae Rally 2005 - PAL - NLD.jpg,RENOMEADO
CM04301E.jpg,Colin McRae Rally 2005.jpg,RENOMEADO
CM04302A.jpg,Colin McRae Rally 2005 (2).jpg,RENOMEADO
CM04701E.jpg,Club Football 2005.jpg,RENOMEADO
CM04801E.jpg,Club Football 2005 (2).jpg,RENOMEADO
CM04901E.jpg,Club Football 2005 (3).jpg,RENOMEADO
CM05001E.jpg,Club Football 2005 (4).jpg,RENOMEADO
CM05101E.jpg,Club Football 2005 (5).jpg,RENOMEADO
CM05301E.jpg,Club Football 2005 (6).jpg,RENOMEADO
CM05401E.jpg,Club Football 2005 (7).jpg,RENOMEADO
CM05501E-PAL-DEU.jpg,Club Football 2005 - PAL - DEU.jpg,RENOMEADO
CM05501E.jpg,Club Football 2005 (8).jpg,RENOMEADO
CM05601E.jpg,Club Football 2005 (9).jpg,RENOMEADO
CM05701E-PAL-NLD.jpg,Club Football 2005 - PAL - NLD.jpg,RENOMEADO
CM05701E.jpg,Club Football 2005 (10).jpg,RENOMEADO
CM05801E.jpg,Club Football 2005 (11).jpg,RENOMEADO
CM05901E.jpg,Club Football 2005 (12).jpg,RENOMEADO
CM06201E.jpg,Club Football 2005 (13).jpg,RENOMEADO
CM06301E.jpg,Club Football 2005 (14).jpg,RENOMEADO
CM06401E.jpg,Club Football 2005 (15).jpg,RENOMEADO
CM06501E.jpg,Club Football 2005 (16).jpg,RENOMEADO
CM06601E.jpg,Club Football 2005 (17).jpg,RENOMEADO
CM07001E.jpg,LMA Manager 2005.jpg,RENOMEADO
CM07101W.jpg,Second Sight.jpg,RENOMEADO
CM07301E.jpg,Manchester United Manager 2005.jpg,RENOMEADO
CM07501E.jpg,La Sélection des Champions 2005.jpg,RENOMEADO
CM07801E.jpg,BLIC 2005.jpg,RENOMEADO
CM08001W.jpg,Race Driver 3.jpg,RENOMEADO
CM08004E.jpg,Race Driver 3 (2).jpg,RENOMEADO
CM08201E-PAL-DEU.jpg,Worms 4 Mayhem - PAL - DEU.jpg,RENOMEADO
CM08201E.jpg,Worms 4 Mayhem.jpg,RENOMEADO
CM08401E.jpg,LMA Manager 2006.jpg,RENOMEADO
CM08701E-PAL-AUS-Classics.jpg,RPIC 2005 - PAL - AUS - CLASSICS.jpg,RENOMEADO
CM08701E.jpg,RPIC 2005.jpg,RENOMEADO
CM09001W.jpg,Operation Flashpoint Elite.jpg,RENOMEADO
CM09101E.jpg,Sensible Soccer.jpg,RENOMEADO
CV00101A.jpg,Kabuki Warriors.jpg,RENOMEADO
CV00201A.jpg,UFC Tapout.jpg,RENOMEADO
CV00501A.jpg,Mojo!.jpg,RENOMEADO
CV00502E.jpg,Mojo! (2).jpg,RENOMEADO
CV00601A.jpg,Intellivision Lives!.jpg,RENOMEADO
CV00701A.jpg,Future Tactics Uprising.jpg,RENOMEADO
CV00702E-PAL-DEU.jpg,Future Tactics Uprising - PAL - DEU.jpg,RENOMEADO
CV00702E.jpg,Future Tactics Uprising (2).jpg,RENOMEADO
CV00801A.jpg,Strike Force Bowling.jpg,RENOMEADO
CV00901A.jpg,Trigger Man.jpg,RENOMEADO
CV01001A.jpg,Pinball Hall of Fame.jpg,RENOMEADO
CV01301A.jpg,World Championship Poker.jpg,RENOMEADO
CV01401A.jpg,MX World Tour.jpg,RENOMEADO
CV01601A-NTSC-UC.jpg,WCP2 - NTSC - UC.jpg,RENOMEADO
CV01601A.jpg,WCP2.jpg,RENOMEADO
CV01701A.jpg,The Bible Game.jpg,RENOMEADO
DC00204L-PAL-DEU.jpg,Arx Fatalis - PAL - DEU.jpg,RENOMEADO
DC00204L-PAL-FRA.jpg,Arx Fatalis - PAL - FRA.jpg,RENOMEADO
DC00204L-PAL-GBR.jpg,Arx Fatalis - PAL - GBR.jpg,RENOMEADO
DC00204L.jpg,Arx Fatalis.jpg,RENOMEADO
DC00302E.jpg,Painkiller.jpg,RENOMEADO
DC00304A.jpg,Painkiller (2).jpg,RENOMEADO
DC00401A.jpg,Cold War.jpg,RENOMEADO
DC00402E.jpg,Cold War (2).jpg,RENOMEADO
DX00101E.jpg,MiamiVice.jpg,RENOMEADO
EA00101A.jpg,Madden NFL 2002.jpg,RENOMEADO
EA00201A.jpg,Nascar Thunder 2002.jpg,RENOMEADO
EA00301A.jpg,NBA Live 2002.jpg,RENOMEADO
EA00305J.jpg,NBA Live 2002 (2).jpg,RENOMEADO
EA00401A.jpg,SSX Tricky.jpg,RENOMEADO
EA00402J.jpg,SSX Tricky (2).jpg,RENOMEADO
EA00403E.jpg,SSX Tricky (3).jpg,RENOMEADO
EA00501A.jpg,NHL 2002.jpg,RENOMEADO
EA00502E-PAL-FIN.jpg,NHL 2002 - PAL - FIN.jpg,RENOMEADO
EA00502E-PAL-FRA.jpg,NHL 2002 - PAL - FRA.jpg,RENOMEADO
EA00502E.jpg,NHL 2002 (2).jpg,RENOMEADO
EA00701A.jpg,F1 2001.jpg,RENOMEADO
EA00901A.jpg,Triple Play 2002.jpg,RENOMEADO
EA01001A.jpg,Knockout Kings 2002.jpg,RENOMEADO
EA01002E.jpg,Knockout Kings 2002 (2).jpg,RENOMEADO
EA01003J.jpg,Knockout Kings 2002 (3).jpg,RENOMEADO
EA01102E.jpg,FIFA World Cup TM.jpg,RENOMEADO
EA01105J.jpg,FIFA World Cup TM (2).jpg,RENOMEADO
EA01107A.jpg,FIFA World Cup TM (3).jpg,RENOMEADO
EA01109E.jpg,FIFA World Cup TM (4).jpg,RENOMEADO
EA01301A-NTSC-U-Platinum.jpg,Agent Under Fire ™ - NTSC - U - PLATINUM.jpg,RENOMEADO
EA01301A.jpg,Agent Under Fire ™.jpg,RENOMEADO
EA01302E-PAL-DEU.jpg,Agent Under Fire ™ - PAL - DEU.jpg,RENOMEADO
EA01302E-PAL-ESP.jpg,Agent Under Fire ™ - PAL - ESP.jpg,RENOMEADO
EA01302E-PAL-GBR-Classics.jpg,Agent Under Fire ™ - PAL - GBR - CLASSICS.jpg,RENOMEADO
EA01302E.jpg,Agent Under Fire ™ (2).jpg,RENOMEADO
EA01401A.jpg,,NAO IDENTIFICADO
EA01402E-PAL-DEU.jpg,,NAO IDENTIFICADO
EA01402E-PAL-FRA.jpg,,NAO IDENTIFICADO
EA01402E.jpg,,NAO IDENTIFICADO
EA01601A-NTSC-U-Platinum.jpg,The Two Towers(tm) - NTSC - U - PLATINUM.jpg,RENOMEADO
EA01601A.jpg,The Two Towers(tm).jpg,RENOMEADO
EA01604E.jpg,The Two Towers(tm) (2).jpg,RENOMEADO
EA01701A.jpg,Cel Damage.jpg,RENOMEADO
EA01702E-PAL-DEU.jpg,Cel Damage - PAL - DEU.jpg,RENOMEADO
EA01702E-PAL-FRA.jpg,Cel Damage - PAL - FRA.jpg,RENOMEADO
EA01702E.jpg,Cel Damage (2).jpg,RENOMEADO
EA01801A.jpg,Buffy The Vampire Slayer.jpg,RENOMEADO
EA01802E-PAL-DEU.jpg,Buffy The Vampire Slayer - PAL - DEU.jpg,RENOMEADO
EA01802E-PAL-FRA-Classics.jpg,Buffy The Vampire Slayer - PAL - FRA - CLASSICS.jpg,RENOMEADO
EA01802E-PAL-FRA.jpg,Buffy The Vampire Slayer - PAL - FRA.jpg,RENOMEADO
EA01802E-PAL-GBR-Classics.jpg,Buffy The Vampire Slayer - PAL - GBR - CLASSICS.jpg,RENOMEADO
EA01802E.jpg,Buffy The Vampire Slayer (2).jpg,RENOMEADO
EA01901A-NTSC-U-Platinum.jpg,The Simpsons Road Rage - NTSC - U - PLATINUM.jpg,RENOMEADO
EA01901A.jpg,The Simpsons Road Rage.jpg,RENOMEADO
EA01902E-PAL-DEU.jpg,The Simpsons Road Rage - PAL - DEU.jpg,RENOMEADO
EA01902E-PAL-FIN.jpg,The Simpsons Road Rage - PAL - FIN.jpg,RENOMEADO
EA01902E-PAL-FRA.jpg,The Simpsons Road Rage - PAL - FRA.jpg,RENOMEADO
EA01902E.jpg,The Simpsons Road Rage (2).jpg,RENOMEADO
EA02002J.jpg,F1 2002.jpg,RENOMEADO
EA02103A.jpg,Pirates The Legend of Black Kat.jpg,RENOMEADO
EA02301A.jpg,FIFA SOCCER 2003.jpg,RENOMEADO
EA02302E-PAL-DEU.jpg,FIFA FOOTBALL 2003 - PAL - DEU.jpg,RENOMEADO
EA02302E-PAL-FIN.jpg,FIFA FOOTBALL 2003 - PAL - FIN.jpg,RENOMEADO
EA02302E-PAL-GBR-Classics.jpg,FIFA FOOTBALL 2003 - PAL - GBR - CLASSICS.jpg,RENOMEADO
EA02302E-PAL-NLD-FRA-Classics.jpg,FIFA FOOTBALL 2003 - PAL - NLD - FRA - CLASSICS.jpg,RENOMEADO
EA02302E.jpg,FIFA FOOTBALL 2003.jpg,RENOMEADO
EA02501A.jpg,Madden NFL 2003.jpg,RENOMEADO
EA02502E.jpg,Madden NFL 2003 (2).jpg,RENOMEADO
EA02601A-NTSC-U-Platinum.jpg,Medal Of Honor Frontline - NTSC - U - PLATINUM.jpg,RENOMEADO
EA02601A.jpg,Medal Of Honor Frontline.jpg,RENOMEADO
EA02602E.jpg,Medal Of Honor Frontline (2).jpg,RENOMEADO
EA02603E.jpg,MoH En Première Ligne.jpg,RENOMEADO
EA02604E.jpg,Medal Of Honor Frontline (3).jpg,RENOMEADO
EA02701A.jpg,NASCAR Thunder.jpg,RENOMEADO
EA02801A.jpg,NBA Live 2003.jpg,RENOMEADO
EA02901A.jpg,NCAA Football 2003.jpg,RENOMEADO
EA03001A.jpg,NHL 2003.jpg,RENOMEADO
EA03002E-PAL-FIN.jpg,NHL 2003 - PAL - FIN.jpg,RENOMEADO
EA03002E-PAL-FRA.jpg,NHL 2003 - PAL - FRA.jpg,RENOMEADO
EA03002E.jpg,NHL 2003 (2).jpg,RENOMEADO
EA03301A.jpg,Tiger Woods PGA TOUR 2003.jpg,RENOMEADO
EA03302E.jpg,Tiger Woods PGA TOUR 2003 (2).jpg,RENOMEADO
EA03801A.jpg,007™ NightFire™.jpg,RENOMEADO
EA03802E-PAL-DEU.jpg,007™ NightFire™ - PAL - DEU.jpg,RENOMEADO
EA03802E-PAL-FIN.jpg,007™ NightFire™ - PAL - FIN.jpg,RENOMEADO
EA03802E-PAL-NLD-Classics.jpg,007™ NightFire™ - PAL - NLD - CLASSICS.jpg,RENOMEADO
EA03802E.jpg,007™ NightFire™ (2).jpg,RENOMEADO
EA03901A.jpg,NBA STREET Vol. 2.jpg,RENOMEADO
EA03902E-PAL-DEU.jpg,NBA STREET Vol. 2 - PAL - DEU.jpg,RENOMEADO
EA03902E.jpg,NBA STREET Vol. 2 (2).jpg,RENOMEADO
EA04001E-PAL-AUS.jpg,NFS Hot Pursuit 2 - PAL - AUS.jpg,RENOMEADO
EA04001E.jpg,NFS Hot Pursuit 2.jpg,RENOMEADO
EA04002A-NTSC-U-Platinum.jpg,NFS Hot Pursuit 2 - NTSC - U - PLATINUM.jpg,RENOMEADO
EA04002A.jpg,NFS Hot Pursuit 2 (2).jpg,RENOMEADO
EA04101E-PAL-DEU.jpg,TY the Tasmanian Tiger™ - PAL - DEU.jpg,RENOMEADO
EA04101E-PAL-FIN.jpg,TY the Tasmanian Tiger™ - PAL - FIN.jpg,RENOMEADO
EA04101E-PAL-FRA.jpg,TY the Tasmanian Tiger™ - PAL - FRA.jpg,RENOMEADO
EA04101E.jpg,TY the Tasmanian Tiger™.jpg,RENOMEADO
EA04103A.jpg,TY the Tasmanian Tiger.jpg,RENOMEADO
EA04206E.jpg,Freedom Fighters.jpg,RENOMEADO
EA04207E.jpg,Freedom Fighters (2).jpg,RENOMEADO
EA04208E.jpg,Freedom Fighters (3).jpg,RENOMEADO
EA04401E.jpg,Dead To Rights.jpg,RENOMEADO
EA04501A.jpg,MVP Baseball 2003.jpg,RENOMEADO
EA04601A.jpg,Freedom Fighters (4).jpg,RENOMEADO
EA04704A.jpg,The Sims™.jpg,RENOMEADO
EA04705E-PAL-DEU.jpg,The Sims™ - PAL - DEU.jpg,RENOMEADO
EA04705E-PAL-FRA.jpg,The Sims™ - PAL - FRA.jpg,RENOMEADO
EA04705E-PAL-NLD.jpg,The Sims™ - PAL - NLD.jpg,RENOMEADO
EA04705E.jpg,The Sims™ (2).jpg,RENOMEADO
EA04801A.jpg,NHL 2004.jpg,RENOMEADO
EA04802E-PAL-AUS.jpg,NHL 2004 - PAL - AUS.jpg,RENOMEADO
EA04802E-PAL-FRA.jpg,NHL 2004 - PAL - FRA.jpg,RENOMEADO
EA04802E.jpg,NHL 2004 (2).jpg,RENOMEADO
EA04901A.jpg,NASCAR Thunder™.jpg,RENOMEADO
EA05001E.jpg,F1 Career Challenge.jpg,RENOMEADO
EA05301A.jpg,NCAA Football 2004.jpg,RENOMEADO
EA05401A.jpg,Madden NFL 2004.jpg,RENOMEADO
EA05402E-PAL-FRA.jpg,Madden NFL 2004 - PAL - FRA.jpg,RENOMEADO
EA05402E.jpg,Madden NFL 2004 (2).jpg,RENOMEADO
EA05502E-PAL-AUS.jpg,Harry Potter PS - PAL - AUS.jpg,RENOMEADO
EA05502E-PAL-DEU.jpg,Harry Potter PS - PAL - DEU.jpg,RENOMEADO
EA05502E-PAL-NLD.jpg,Harry Potter PS - PAL - NLD.jpg,RENOMEADO
EA05502E.jpg,Harry Potter PS.jpg,RENOMEADO
EA05504A.jpg,Harry Potter SS.jpg,RENOMEADO
EA05601A.jpg,NBA LIVE 2004.jpg,RENOMEADO
EA05701E.jpg,BIONICLE®.jpg,RENOMEADO
EA05702A.jpg,BIONICLE® (2).jpg,RENOMEADO
EA05801E-PAL-AUS.jpg,Tiger Woods PGA TOUR 2004 - PAL - AUS.jpg,RENOMEADO
EA05801E-PAL-DEU.jpg,Tiger Woods PGA TOUR 2004 - PAL - DEU.jpg,RENOMEADO
EA05801E.jpg,Tiger Woods PGA TOUR 2004.jpg,RENOMEADO
EA05804A.jpg,Tiger Woods PGA TOUR 2004 (2).jpg,RENOMEADO
EA05901E-PAL-AUS.jpg,FIFA Football 2004 - PAL - AUS.jpg,RENOMEADO
EA05901E-PAL-NLD.jpg,FIFA Football 2004 - PAL - NLD.jpg,RENOMEADO
EA05901E.jpg,FIFA Football 2004.jpg,RENOMEADO
EA05902E.jpg,FIFA Football 2004 (2).jpg,RENOMEADO
EA05903E.jpg,FIFA Football 2004 (3).jpg,RENOMEADO
EA05906A.jpg,FIFA Soccer 2004.jpg,RENOMEADO
EA06001A.jpg,SSX 3.jpg,RENOMEADO
EA06002E-PAL-AUS.jpg,SSX 3 - PAL - AUS.jpg,RENOMEADO
EA06002E-PAL-ESP.jpg,SSX 3 - PAL - ESP.jpg,RENOMEADO
EA06002E.jpg,SSX 3 (2).jpg,RENOMEADO
EA06101A.jpg,Quidditch World Cup.jpg,RENOMEADO
EA06104E-PAL-DEU.jpg,Quidditch World Cup - PAL - DEU.jpg,RENOMEADO
EA06104E-PAL-FRA.jpg,Quidditch World Cup - PAL - FRA.jpg,RENOMEADO
EA06104E-PAL-NLD.jpg,Quidditch World Cup - PAL - NLD.jpg,RENOMEADO
EA06104E.jpg,Quidditch World Cup (2).jpg,RENOMEADO
EA06201A.jpg,The Return of the King™.jpg,RENOMEADO
EA06202E.jpg,The Return of the King™ (2).jpg,RENOMEADO
EA06203E.jpg,The Return of the King™ (3).jpg,RENOMEADO
EA06301A.jpg,Medal of Honor Rising Sun.jpg,RENOMEADO
EA06302E-PAL-NLD.jpg,Medal of Honor Rising Sun - PAL - NLD.jpg,RENOMEADO
EA06302E.jpg,Medal of Honor Rising Sun (2).jpg,RENOMEADO
EA06304E.jpg,Medal of Honor Rising Sun (3).jpg,RENOMEADO
EA06305E.jpg,Medal of Honor Rising Sun (4).jpg,RENOMEADO
EA06501E-PAL-DEU.jpg,TCM 2004 - PAL - DEU.jpg,RENOMEADO
EA06501E.jpg,TCM 2004.jpg,RENOMEADO
EA06601A.jpg,James Bond 007 Everything or Nothing.jpg,RENOMEADO
EA06602E.jpg,James Bond 007 Everything or Nothing (2).jpg,RENOMEADO
EA06604E-PAL-FRA.jpg,James Bond 007 Everything or Nothing - PAL - FRA.jpg,RENOMEADO
EA06604E.jpg,James Bond 007 Everything or Nothing (3).jpg,RENOMEADO
EA06701A.jpg,,NAO IDENTIFICADO
EA06702E-PAL-AUS-Classics.jpg,,NAO IDENTIFICADO
EA06702E-PAL-DEU-Classics.jpg,,NAO IDENTIFICADO
EA06702E-PAL-DEU.jpg,,NAO IDENTIFICADO
EA06702E-PAL-NLD.jpg,,NAO IDENTIFICADO
EA06702E.jpg,,NAO IDENTIFICADO
EA06801A.jpg,NCAA March Madness 2004.jpg,RENOMEADO
EA06901A.jpg,MVP Baseball 2004.jpg,RENOMEADO
EA07101A-NTSC-U-Platinum.jpg,NFSUnderground - NTSC - U - PLATINUM.jpg,RENOMEADO
EA07101A.jpg,NFSUnderground.jpg,RENOMEADO
EA07102E-PAL-AUS-Classics.jpg,NFSUnderground - PAL - AUS - CLASSICS.jpg,RENOMEADO
EA07102E-PAL-DEU.jpg,NFSUnderground - PAL - DEU.jpg,RENOMEADO
EA07102E-PAL-ESP.jpg,NFSUnderground - PAL - ESP.jpg,RENOMEADO
EA07102E-PAL-FRA-Classics.jpg,NFSUnderground - PAL - FRA - CLASSICS.jpg,RENOMEADO
EA07102E-PAL-FRA.jpg,NFSUnderground - PAL - FRA.jpg,RENOMEADO
EA07102E-PAL-GBR-Classics.jpg,NFSUnderground - PAL - GBR - CLASSICS.jpg,RENOMEADO
EA07102E.jpg,NFSUnderground (2).jpg,RENOMEADO
EA07201A-NTSC-U-Platinum.jpg,NFL STREET - NTSC - U - PLATINUM.jpg,RENOMEADO
EA07201A.jpg,NFL STREET.jpg,RENOMEADO
EA07202E.jpg,NFL STREET (2).jpg,RENOMEADO
EA07301A.jpg,DJFFNY.jpg,RENOMEADO
EA07302E.jpg,DJFFNY (2).jpg,RENOMEADO
EA07407A.jpg,UEFA EURO 2004.jpg,RENOMEADO
EA07409E.jpg,UEFA EURO 2004 (2).jpg,RENOMEADO
EA07501A.jpg,Fight Night 2004.jpg,RENOMEADO
EA07502E-PAL-AUS.jpg,Fight Night 2004 - PAL - AUS.jpg,RENOMEADO
EA07502E-PAL-DEU.jpg,Fight Night 2004 - PAL - DEU.jpg,RENOMEADO
EA07502E.jpg,Fight Night 2004 (2).jpg,RENOMEADO
EA07601E.jpg,Harry Potter POA.jpg,RENOMEADO
EA07602A.jpg,Harry Potter POA (2).jpg,RENOMEADO
EA07702E.jpg,Madden NFL 2005.jpg,RENOMEADO
EA07703A.jpg,Madden NFL 2005 (2).jpg,RENOMEADO
EA07801A.jpg,FIFA Soccer 2005.jpg,RENOMEADO
EA07803E.jpg,FIFA Football 2005.jpg,RENOMEADO
EA07807E.jpg,FIFA Football 2005 (2).jpg,RENOMEADO
EA07901A.jpg,NHL 2005.jpg,RENOMEADO
EA07902E-PAL-AUS.jpg,NHL 2005 - PAL - AUS.jpg,RENOMEADO
EA07902E-PAL-FIN.jpg,NHL 2005 - PAL - FIN.jpg,RENOMEADO
EA07902E.jpg,NHL 2005 (2).jpg,RENOMEADO
EA08001A.jpg,NBA LIVE 2005.jpg,RENOMEADO
EA08102A.jpg,NCAA Football 2005.jpg,RENOMEADO
EA08201A.jpg,MARCH MADNESS 2005.jpg,RENOMEADO
EA08301A.jpg,NASCAR 2005.jpg,RENOMEADO
EA08401A.jpg,Tiger Woods PGA TOUR® 2005.jpg,RENOMEADO
EA08402E.jpg,Tiger Woods PGA TOUR® 2005 (2).jpg,RENOMEADO
EA08501A.jpg,EA SPORTS FN 2.jpg,RENOMEADO
EA08502E-PAL-AUS.jpg,EA SPORTS FN 2 - PAL - AUS.jpg,RENOMEADO
EA08502E-PAL-DEU.jpg,EA SPORTS FN 2 - PAL - DEU.jpg,RENOMEADO
EA08502E.jpg,EA SPORTS FN 2 (2).jpg,RENOMEADO
EA08601A.jpg,MVP Baseball 2005.jpg,RENOMEADO
EA08701A.jpg,NFL STREET 2.jpg,RENOMEADO
EA08702E-PAL-DEU.jpg,NFL STREET 2 - PAL - DEU.jpg,RENOMEADO
EA08702E.jpg,NFL STREET 2 (2).jpg,RENOMEADO
EA08801A.jpg,NBA STREET V3.jpg,RENOMEADO
EA08802E-PAL-AUS.jpg,NBA STREET V3 - PAL - AUS.jpg,RENOMEADO
EA08802E-PAL-DEU.jpg,NBA STREET V3 - PAL - DEU.jpg,RENOMEADO
EA08802E.jpg,NBA STREET V3 (2).jpg,RENOMEADO
EA09001A.jpg,NFS Underground 2.jpg,RENOMEADO
EA09101A-NTSC-U-Platinum.jpg,Burnout 3 - NTSC - U - PLATINUM.jpg,RENOMEADO
EA09101A-NTSC-U-Revised-Raiting.jpg,Burnout 3 - NTSC - U - REVISED - RAITING.jpg,RENOMEADO
EA09101A.jpg,Burnout 3.jpg,RENOMEADO
EA09102E-PAL-AUS-Classics.jpg,Burnout 3 - PAL - AUS - CLASSICS.jpg,RENOMEADO
EA09102E-PAL-AUS.jpg,Burnout 3 - PAL - AUS.jpg,RENOMEADO
EA09102E-PAL-GBR-Classics.jpg,Burnout 3 - PAL - GBR - CLASSICS.jpg,RENOMEADO
EA09102E-PAL-NLD.jpg,Burnout 3 - PAL - NLD.jpg,RENOMEADO
EA09102E.jpg,Burnout 3 (2).jpg,RENOMEADO
EA09103E.jpg,Burnout 3 (3).jpg,RENOMEADO
EA09201A.jpg,Catwoman.jpg,RENOMEADO
EA09301A.jpg,GoldenEye Rogue Agent.jpg,RENOMEADO
EA09302E-PAL-NLD.jpg,GoldenEye Rogue Agent - PAL - NLD.jpg,RENOMEADO
EA09302E.jpg,GoldenEye Rogue Agent (2).jpg,RENOMEADO
EA09304E.jpg,GoldenEye Rogue Agent (3).jpg,RENOMEADO
EA09305E.jpg,GoldenEye Rogue Agent (4).jpg,RENOMEADO
EA09401A.jpg,MOH European Assault.jpg,RENOMEADO
EA09402E.jpg,MOH European Assault (2).jpg,RENOMEADO
EA09403E.jpg,MOH European Assault (3).jpg,RENOMEADO
EA09404E.jpg,MOH European Assault (4).jpg,RENOMEADO
EA09502E-PAL-AUS.jpg,LOTR3 - PAL - AUS.jpg,RENOMEADO
EA09502E-PAL-NLD.jpg,LOTR3 - PAL - NLD.jpg,RENOMEADO
EA09502E.jpg,LOTR3.jpg,RENOMEADO
EA09504E.jpg,LOTR3 (2).jpg,RENOMEADO
EA09508A.jpg,LOTR3 (3).jpg,RENOMEADO
EA09601A-NTSC-U-Special.jpg,,NAO IDENTIFICADO
EA09601A.jpg,,NAO IDENTIFICADO
EA09602E-PAL-AUS.jpg,,NAO IDENTIFICADO
EA09602E-PAL-NLD.jpg,,NAO IDENTIFICADO
EA09602E.jpg,,NAO IDENTIFICADO
EA09701A.jpg,EA SPORTS™ RUGBY 2005.jpg,RENOMEADO
EA09702E.jpg,EA SPORTS™ RUGBY 2005 (2).jpg,RENOMEADO
EA09801A.jpg,Battlefield 2 Modern Combat.jpg,RENOMEADO
EA09803E.jpg,Battlefield 2 Modern Combat (2).jpg,RENOMEADO
EA09901A.jpg,TY2.jpg,RENOMEADO
EA09902E.jpg,TY2 (2).jpg,RENOMEADO
EA10101E.jpg,TCM 2005.jpg,RENOMEADO
EA10201A.jpg,TimeSplitters FP.jpg,RENOMEADO
EA10202E.jpg,TimeSplitters FP (2).jpg,RENOMEADO
EA10901A.jpg,Stranger's Wrath.jpg,RENOMEADO
EA10902E.jpg,Stranger's Wrath (2).jpg,RENOMEADO
EA10903E.jpg,Oddworld LFE.jpg,RENOMEADO
EA10904E.jpg,Stranger's Wrath (3).jpg,RENOMEADO
EA11101E-PAL-FRA.jpg,NFS Underground 2 - PAL - FRA.jpg,RENOMEADO
EA11101E.jpg,NFS Underground 2 (2).jpg,RENOMEADO
EA11202E.jpg,UEFA CL 200405.jpg,RENOMEADO
EA11401E-PAL-AUS.jpg,FIFA Street - PAL - AUS.jpg,RENOMEADO
EA11401E-PAL-DEU.jpg,FIFA Street - PAL - DEU.jpg,RENOMEADO
EA11401E.jpg,FIFA Street.jpg,RENOMEADO
EA11403A.jpg,FIFA Street (2).jpg,RENOMEADO
EA11601E.jpg,EA SPORTS™ Cricket 2005.jpg,RENOMEADO
EA11701A.jpg,Madden NFL 06.jpg,RENOMEADO
EA11801E.jpg,Burnout Revenge.jpg,RENOMEADO
EA11803E.jpg,Burnout Revenge (2).jpg,RENOMEADO
EA11805A.jpg,Burnout Revenge (3).jpg,RENOMEADO
EA11901E.jpg,Harry Potter GOF.jpg,RENOMEADO
EA11902A.jpg,Harry Potter GOF (2).jpg,RENOMEADO
EA11903E-PAL-FRA.jpg,Harry Potter GOF - PAL - FRA.jpg,RENOMEADO
EA11903E.jpg,Harry Potter GOF (3).jpg,RENOMEADO
EA12002A.jpg,FIFA 06.jpg,RENOMEADO
EA12004E.jpg,FIFA 06 (2).jpg,RENOMEADO
EA12008E.jpg,FIFA 06 (3).jpg,RENOMEADO
EA12101E-PAL-AUS.jpg,FROM RUSSIA WITH LOVE (TM) - PAL - AUS.jpg,RENOMEADO
EA12101E-PAL-DEU.jpg,FROM RUSSIA WITH LOVE (TM) - PAL - DEU.jpg,RENOMEADO
EA12101E-PAL-FRA.jpg,FROM RUSSIA WITH LOVE (TM) - PAL - FRA.jpg,RENOMEADO
EA12101E.jpg,FROM RUSSIA WITH LOVE (TM).jpg,RENOMEADO
EA12102A.jpg,FROM RUSSIA WITH LOVE (TM) (2).jpg,RENOMEADO
EA12202A.jpg,NBA LIVE 06.jpg,RENOMEADO
EA12301E-PAL-AUS.jpg,,NAO IDENTIFICADO
EA12301E.jpg,,NAO IDENTIFICADO
EA12302A.jpg,,NAO IDENTIFICADO
EA12303E.jpg,,NAO IDENTIFICADO
EA12305E-PAL-DEU-Re-Rating.jpg,,NAO IDENTIFICADO
EA12305E.jpg,,NAO IDENTIFICADO
EA12307A.jpg,,NAO IDENTIFICADO
EA12311A.jpg,,NAO IDENTIFICADO
EA12401E.jpg,NHL06.jpg,RENOMEADO
EA12402A.jpg,NHL06 (2).jpg,RENOMEADO
EA12501E.jpg,The Godfather®.jpg,RENOMEADO
EA12502A.jpg,The Godfather™.jpg,RENOMEADO
EA12504E.jpg,The Godfather® (2).jpg,RENOMEADO
EA12601E-PAL-AUS.jpg,Tiger Woods PGA TOUR® 06 - PAL - AUS.jpg,RENOMEADO
EA12601E-PAL-DEU.jpg,Tiger Woods PGA TOUR® 06 - PAL - DEU.jpg,RENOMEADO
EA12601E-PAL-FRA.jpg,Tiger Woods PGA TOUR® 06 - PAL - FRA.jpg,RENOMEADO
EA12601E.jpg,Tiger Woods PGA TOUR® 06.jpg,RENOMEADO
EA12602A.jpg,Tiger Woods PGA TOUR® 06 (2).jpg,RENOMEADO
EA12801A.jpg,NCAA Football 06.jpg,RENOMEADO
EA13002A.jpg,SSX™ On Tour.jpg,RENOMEADO
EA13102A.jpg,Black.jpg,RENOMEADO
EA13301E-PAL-AUS.jpg,FIFA STREET 2 - PAL - AUS.jpg,RENOMEADO
EA13301E.jpg,FIFA STREET 2.jpg,RENOMEADO
EA13302A.jpg,FIFA STREET 2 (2).jpg,RENOMEADO
EA13401E-PAL-AUS.jpg,EA SPORTS FN 3 - PAL - AUS.jpg,RENOMEADO
EA13401E.jpg,EA SPORTS FN 3.jpg,RENOMEADO
EA13402A.jpg,EA SPORTS FN 3 (2).jpg,RENOMEADO
EA13501E.jpg,EA SPORTS™ RUGBY 06.jpg,RENOMEADO
EA13502A.jpg,EA SPORTS™ RUGBY 06 (2).jpg,RENOMEADO
EA13901A.jpg,NASCAR 06.jpg,RENOMEADO
EA14101A.jpg,MVP 06 NCAA Baseball.jpg,RENOMEADO
EA14202A.jpg,NFL Head Coach.jpg,RENOMEADO
EA14401A.jpg,NCAA MARCH MADNESS 06.jpg,RENOMEADO
EA14501W.jpg,Half - Life 2.jpg,RENOMEADO
EA14801A.jpg,Arena Football™.jpg,RENOMEADO
EA15602E.jpg,2006 FIFA World Cup.jpg,RENOMEADO
EA15603A.jpg,2006 FIFA World Cup (2).jpg,RENOMEADO
EA15801A.jpg,NFS_Carbon.jpg,RENOMEADO
EA15804E.jpg,NFS_Carbon (2).jpg,RENOMEADO
EA15901A.jpg,Madden NFL 07.jpg,RENOMEADO
EA16001A.jpg,Superman Returns The Videogame.jpg,RENOMEADO
EA16002E.jpg,Superman Returns The Videogame (2).jpg,RENOMEADO
EA16102E.jpg,NBA LIVE 07.jpg,RENOMEADO
EA16106A.jpg,NBA LIVE 07 (2).jpg,RENOMEADO
EA16201A.jpg,NCAA Football 07.jpg,RENOMEADO
EA16301A.jpg,NASCAR 07.jpg,RENOMEADO
EA16401A.jpg,Tiger Woods PGA TOUR® 07.jpg,RENOMEADO
EA16403E.jpg,Tiger Woods PGA TOUR® 07 (2).jpg,RENOMEADO
EA16501E.jpg,NHL 07.jpg,RENOMEADO
EA16502A.jpg,NHL 07 (2).jpg,RENOMEADO
EA16605A.jpg,FIFA 07.jpg,RENOMEADO
EA16607E-PAL-AUS.jpg,FIFA 07 - PAL - AUS.jpg,RENOMEADO
EA16607E.jpg,FIFA 07 (2).jpg,RENOMEADO
EA17101A.jpg,NCAA® Football 08.jpg,RENOMEADO
EA17201A.jpg,Madden NFL 08.jpg,RENOMEADO
EA57101K.jpg,Madden NFL 09.jpg,RENOMEADO
EA90502A.jpg,Batman Begins™.jpg,RENOMEADO
EA90602A.jpg,Imperfects.jpg,RENOMEADO
EA90701E-PAL-DEU.jpg,,NAO IDENTIFICADO
EA90701E-PAL-FRA.jpg,,NAO IDENTIFICADO
EA90701E.jpg,,NAO IDENTIFICADO
EA90702A.jpg,,NAO IDENTIFICADO
EC00101A.jpg,CircusMaximus.jpg,RENOMEADO
EC00201A.jpg,Grooverider Slot Car Thunder.jpg,RENOMEADO
EC00401A.jpg,Heroes of the Pacific.jpg,RENOMEADO
EC00402E.jpg,Heroes of the Pacific (2).jpg,RENOMEADO
EF00101J.jpg,SincyouMj.jpg,RENOMEADO
EL00101W.jpg,Scrapland.jpg,RENOMEADO
EL00102E-PAL-DEU.jpg,Scrapland - PAL - DEU.jpg,RENOMEADO
EL00102E.jpg,Scrapland (2).jpg,RENOMEADO
EM00101E.jpg,Antz Extreme Racing.jpg,RENOMEADO
EM00201A.jpg,Big Mutha Truckers.jpg,RENOMEADO
EM00203E-PAL-DEU.jpg,Big Mutha Truckers - PAL - DEU.jpg,RENOMEADO
EM00203E-PAL-FRA.jpg,Big Mutha Truckers - PAL - FRA.jpg,RENOMEADO
EM00203E.jpg,Big Mutha Truckers (2).jpg,RENOMEADO
EM00301E.jpg,Total Immersion Racing.jpg,RENOMEADO
EM00401E.jpg,Ghost Master.jpg,RENOMEADO
EM00501E.jpg,Starsky & Hutch.jpg,RENOMEADO
EM00502A.jpg,Starsky & Hutch (2).jpg,RENOMEADO
EM00702A.jpg,Ford Racing 2.jpg,RENOMEADO
EM00703E.jpg,Ford Racing 2 (2).jpg,RENOMEADO
EM00801E.jpg,Bad Boys 2.jpg,RENOMEADO
EM00802E.jpg,Bad Boys 2 (2).jpg,RENOMEADO
EM00901E.jpg,FlatOut.jpg,RENOMEADO
EM00902E.jpg,FlatOut (2).jpg,RENOMEADO
EM00904K.jpg,FlatOut (3).jpg,RENOMEADO
EM01001E.jpg,Mashed.jpg,RENOMEADO
EM01301E.jpg,Ford Racing 3.jpg,RENOMEADO
EM01303A.jpg,Ford Racing 3 (2).jpg,RENOMEADO
EM02201A.jpg,Bad Boys Miami Takedown.jpg,RENOMEADO
EM02302K.jpg,Big Mutha Truckers 2.jpg,RENOMEADO
EM02303E-PAL-ESP.jpg,Big Mutha Truckers 2 - PAL - ESP.jpg,RENOMEADO
EM02303E.jpg,Big Mutha Truckers 2 (2).jpg,RENOMEADO
EM02702E.jpg,Mashed Fully Loaded.jpg,RENOMEADO
EM02801E.jpg,Taito Legends.jpg,RENOMEADO
EM02803A.jpg,Taito Legends (2).jpg,RENOMEADO
EM02901E.jpg,Ultimate Pro Pinball.jpg,RENOMEADO
EM03001E.jpg,Jacked.jpg,RENOMEADO
EM03101W.jpg,Ford Street Racing.jpg,RENOMEADO
EM03201E.jpg,FlatOut2.jpg,RENOMEADO
EM03202W.jpg,FlatOut2 (2).jpg,RENOMEADO
EM03401W.jpg,Taito Legends 2.jpg,RENOMEADO
ES00102A.jpg,Mad Dash Racing.jpg,RENOMEADO
ES00103E-PAL-DEU.jpg,Mad Dash Racing - PAL - DEU.jpg,RENOMEADO
ES00103E.jpg,Mad Dash Racing (2).jpg,RENOMEADO
ES00105J.jpg,Mad Dash Racing (3).jpg,RENOMEADO
ES00201E.jpg,Championship Manager.jpg,RENOMEADO
ES00401K.jpg,Deadly Shadows.jpg,RENOMEADO
ES00402E.jpg,Deadly Shadows (2).jpg,RENOMEADO
ES00501K.jpg,Deus Ex Invisible War.jpg,RENOMEADO
ES00502E.jpg,Deus Ex Invisible War (2).jpg,RENOMEADO
ES00503E.jpg,Deus Ex Invisible War (3).jpg,RENOMEADO
ES00504E.jpg,Deus Ex Invisible War (4).jpg,RENOMEADO
ES00505J.jpg,Deus Ex Invisible War (5).jpg,RENOMEADO
ES00601A.jpg,Blood Omen 2.jpg,RENOMEADO
ES00801E.jpg,Commandos 2.jpg,RENOMEADO
ES00802E.jpg,Commandos 2 (2).jpg,RENOMEADO
ES00803E.jpg,Commandos 2 (3).jpg,RENOMEADO
ES00804A.jpg,Commandos 2 (4).jpg,RENOMEADO
ES00907E.jpg,Hitman2 Silent Assassin.jpg,RENOMEADO
ES00909E.jpg,Hitman2 Silent Assassin (2).jpg,RENOMEADO
ES00911A.jpg,Hitman2 Silent Assassin (3).jpg,RENOMEADO
ES00912K.jpg,Hitman2 Silent Assassin (4).jpg,RENOMEADO
ES00914E.jpg,Hitman2 Silent Assassin (5).jpg,RENOMEADO
ES01002A.jpg,TimeSplitters 2.jpg,RENOMEADO
ES01002E-PAL-ESP.jpg,TimeSplitters 2 - PAL - ESP.jpg,RENOMEADO
ES01002E.jpg,TimeSplitters 2 (2).jpg,RENOMEADO
ES01202E.jpg,CM 200203.jpg,RENOMEADO
ES01303E-PAL-DEU.jpg,Backyard Wrestling - PAL - DEU.jpg,RENOMEADO
ES01303E.jpg,Backyard Wrestling.jpg,RENOMEADO
ES01304K.jpg,Backyard Wrestling (2).jpg,RENOMEADO
ES01401E-PAL-DEU.jpg,The Italian Job - PAL - DEU.jpg,RENOMEADO
ES01401E-PAL-FRA.jpg,The Italian Job - PAL - FRA.jpg,RENOMEADO
ES01401E.jpg,The Italian Job.jpg,RENOMEADO
ES01402A.jpg,The Italian Job (2).jpg,RENOMEADO
ES01502A.jpg,LoK Defiance.jpg,RENOMEADO
ES01503E-PAL-DEU.jpg,LoK Defiance - PAL - DEU.jpg,RENOMEADO
ES01503E-PAL-FRA.jpg,LoK Defiance - PAL - FRA.jpg,RENOMEADO
ES01503E.jpg,LoK Defiance (2).jpg,RENOMEADO
ES01701A.jpg,Whiplash.jpg,RENOMEADO
ES01703E.jpg,Whiplash (2).jpg,RENOMEADO
ES01807E.jpg,Hitman Contracts.jpg,RENOMEADO
ES01808A.jpg,Hitman Contracts (2).jpg,RENOMEADO
ES01809J.jpg,Hitman Contracts (3).jpg,RENOMEADO
ES01906W.jpg,Shellshock NAM'67.jpg,RENOMEADO
ES02001W.jpg,Crash 'n' Burn.jpg,RENOMEADO
ES02201K.jpg,Backyard Wrestling 2.jpg,RENOMEADO
ES02202E-PAL-DEU.jpg,Backyard Wrestling 2 - PAL - DEU.jpg,RENOMEADO
ES02202E.jpg,Backyard Wrestling 2 (2).jpg,RENOMEADO
ES02402K-NTSC-U-Bonus-Music.jpg,25 To Life - NTSC - U - BONUS - MUSIC.jpg,RENOMEADO
ES02402K-NTSC-U-Pre-order.jpg,25 To Life - NTSC - U - PRE - ORDER.jpg,RENOMEADO
ES02402K-NTSC-UC.jpg,25 To Life - NTSC - UC.jpg,RENOMEADO
ES02402K.jpg,25 To Life.jpg,RENOMEADO
ES02502E.jpg,Project Snowblind.jpg,RENOMEADO
ES02503K.jpg,Project Snowblind (2).jpg,RENOMEADO
ES02608E.jpg,Championship Manager 5.jpg,RENOMEADO
ES02901W.jpg,Lego Star Wars.jpg,RENOMEADO
ES02902A-NTSC-U-Platinum.jpg,Lego Star Wars - NTSC - U - PLATINUM.jpg,RENOMEADO
ES02902A-NTSC-UC.jpg,Lego Star Wars - NTSC - UC.jpg,RENOMEADO
ES02902A.jpg,Lego Star Wars (2).jpg,RENOMEADO
FI00202E-PAL-DEU.jpg,Futurama - PAL - DEU.jpg,RENOMEADO
FI00202E.jpg,Futurama.jpg,RENOMEADO
FL00201A.jpg,Crusty Demons.jpg,RENOMEADO
FS00101J.jpg,-MURAKUMO-.jpg,RENOMEADO
FS00201J-NTSC-J-Platinum-Collection.jpg,OTOGI - NTSC - J - PLATINUM - COLLECTION.jpg,RENOMEADO
FS00201J.jpg,OTOGI.jpg,RENOMEADO
FS00202A.jpg,OTOGI (2).jpg,RENOMEADO
FS00203E-PAL-DEU.jpg,OTOGI - PAL - DEU.jpg,RENOMEADO
FS00203E-PAL-FRA.jpg,OTOGI - PAL - FRA.jpg,RENOMEADO
FS00203E.jpg,OTOGI (3).jpg,RENOMEADO
FS00302J.jpg,ThousandLand.jpg,RENOMEADO
FS00401J-NTSC-J-Platinum-Collection.jpg,OTOGI -Hyakki Toubatsu Emaki- - NTSC - J - PLATINUM - COLLECTION.jpg,RENOMEADO
FS00401J.jpg,OTOGI -Hyakki Toubatsu Emaki-.jpg,RENOMEADO
FS00402A.jpg,OTOGI2.jpg,RENOMEADO
FS00403E.jpg,OTOGI2 (2).jpg,RENOMEADO
FS00501J.jpg,天誅 参 ～回帰ノ章～.jpg,RENOMEADO
FS00601J.jpg,Metal Wolf Chaos.jpg,RENOMEADO
GE00101J.jpg,Zan Kabuki.jpg,RENOMEADO
GE00301J.jpg,phantomcrash.jpg,RENOMEADO
GV00101W-PAL-AUS.jpg,Pariah - PAL - AUS.jpg,RENOMEADO
GV00101W-PAL-DEU.jpg,Pariah - PAL - DEU.jpg,RENOMEADO
GV00101W-PAL-FRA.jpg,Pariah - PAL - FRA.jpg,RENOMEADO
GV00101W-PAL-GBR.jpg,Pariah - PAL - GBR.jpg,RENOMEADO
GV00101W.jpg,Pariah.jpg,RENOMEADO
GV00302A.jpg,COMBAT.jpg,RENOMEADO
GV00401W.jpg,Land of the Dead.jpg,RENOMEADO
GV00901W.jpg,WWII Combat.jpg,RENOMEADO
GV01002W.jpg,Warpath.jpg,RENOMEADO
GV01102W.jpg,WWII Combat Iwo Jima.jpg,RENOMEADO
HE00102E-PAL-AUS.jpg,Rugby League - PAL - AUS.jpg,RENOMEADO
HE00102E.jpg,Rugby League.jpg,RENOMEADO
HE00402E-PAL-AUS.jpg,Melbourne Cup Challenge - PAL - AUS.jpg,RENOMEADO
HE00402E.jpg,Melbourne Cup Challenge.jpg,RENOMEADO
HE00503E.jpg,Rugby League 2.jpg,RENOMEADO
HP00101W.jpg,Stolen.jpg,RENOMEADO
HP00202W-PAL-DEU.jpg,CT Special Forces - PAL - DEU.jpg,RENOMEADO
HP00202W.jpg,CT Special Forces.jpg,RENOMEADO
HU00101A.jpg,BLOODY ROAR extreme.jpg,RENOMEADO
HU00102J.jpg,BLOODY ROAR extreme (2).jpg,RENOMEADO
HU00103E-PAL-DEU.jpg,BLOODY ROAR extreme - PAL - DEU.jpg,RENOMEADO
HU00103E-PAL-FRA.jpg,BLOODY ROAR extreme - PAL - FRA.jpg,RENOMEADO
HU00103E.jpg,BLOODY ROAR extreme (3).jpg,RENOMEADO
HW00101J.jpg,DRIHOO.jpg,RENOMEADO
IA00101W.jpg,Real World Golf.jpg,RENOMEADO
IF00101J.jpg,ExChaser.jpg,RENOMEADO
IG00101A.jpg,Test Drive Off-Road Wide Open.jpg,RENOMEADO
IG00402E.jpg,TransWorld Snowboarding.jpg,RENOMEADO
IG00403A.jpg,TransWorld Snowboarding (2).jpg,RENOMEADO
IG00501A.jpg,TransWorld Surf.jpg,RENOMEADO
IG00502E.jpg,TransWorld Surf (2).jpg,RENOMEADO
IG00601A.jpg,Loons - The Fight For Fame.jpg,RENOMEADO
IG00604J.jpg,Loons - The Fight For Fame (2).jpg,RENOMEADO
IG00701A-NTSC-U-Platinum.jpg,Test Drive - NTSC - U - PLATINUM.jpg,RENOMEADO
IG00701A.jpg,Test Drive.jpg,RENOMEADO
IG00702E.jpg,TD Overdrive.jpg,RENOMEADO
IG00901A.jpg,NASCAR® Heat 2002.jpg,RENOMEADO
IG01101A.jpg,Furious Karting.jpg,RENOMEADO
IG01102E.jpg,Furious Karting (2).jpg,RENOMEADO
IG01301A.jpg,Taz Wanted.jpg,RENOMEADO
IG01302E.jpg,Taz Wanted (2).jpg,RENOMEADO
IG01401W-PAL-DEU.jpg,Magic The Gathering - Battlegrounds - PAL - DEU.jpg,RENOMEADO
IG01401W-PAL-GBR.jpg,Magic The Gathering - Battlegrounds - PAL - GBR.jpg,RENOMEADO
IG01401W.jpg,Magic The Gathering - Battlegrounds.jpg,RENOMEADO
IG01503A.jpg,Monopoly Party.jpg,RENOMEADO
IG01602A.jpg,Battle Engine Aquila.jpg,RENOMEADO
IG01704E.jpg,Slam Tennis.jpg,RENOMEADO
IG01802E.jpg,Zapper.jpg,RENOMEADO
IG01803A.jpg,Zapper (2).jpg,RENOMEADO
IG01901K.jpg,D&D Heroes.jpg,RENOMEADO
IG01904E.jpg,D&D Heroes (2).jpg,RENOMEADO
IG01907E-PAL-DEU.jpg,D&D Heroes - PAL - DEU.jpg,RENOMEADO
IG01907E.jpg,D&D Heroes (3).jpg,RENOMEADO
IG02103E-PAL-FRA.jpg,RE - PAL - FRA.jpg,RENOMEADO
IG02103E.jpg,RE.jpg,RENOMEADO
IG02104A.jpg,APEX.jpg,RENOMEADO
IG02202A.jpg,Superman The Man of Steel.jpg,RENOMEADO
IG02301E.jpg,GUNVALKYRIE.jpg,RENOMEADO
IG02401E.jpg,Jet Set Radio Future.jpg,RENOMEADO
IG02701A.jpg,Splashdown.jpg,RENOMEADO
IG02702E.jpg,Splashdown (2).jpg,RENOMEADO
IG02801E-PAL-DEU.jpg,Micro Machines - PAL - DEU.jpg,RENOMEADO
IG02801E-PAL-FRA.jpg,Micro Machines - PAL - FRA.jpg,RENOMEADO
IG02801E.jpg,Micro Machines.jpg,RENOMEADO
IG03101K.jpg,MI - OP SURMA.jpg,RENOMEADO
IG03102E.jpg,MI - OP SURMA (2).jpg,RENOMEADO
IG03403A.jpg,Enter The Matrix.jpg,RENOMEADO
IG03404J.jpg,Enter The Matrix (2).jpg,RENOMEADO
IG03407E-PAL-AUS.jpg,Enter The Matrix - PAL - AUS.jpg,RENOMEADO
IG03407E-PAL-DEU.jpg,Enter The Matrix - PAL - DEU.jpg,RENOMEADO
IG03407E.jpg,Enter The Matrix (3).jpg,RENOMEADO
IG03409J.jpg,Enter The Matrix (4).jpg,RENOMEADO
IG03501E.jpg,CRAZY TAXI 3.jpg,RENOMEADO
IG03502E-PAL-ESP.jpg,CRAZY TAXI 3 - PAL - ESP.jpg,RENOMEADO
IG03502E.jpg,CRAZY TAXI 3 (2).jpg,RENOMEADO
IG03604J.jpg,Unreal Championship.jpg,RENOMEADO
IG03605L-NTSC-U-Platinum.jpg,Unreal Championship - NTSC - U - PLATINUM.jpg,RENOMEADO
IG03605L-PAL-EUR.jpg,Unreal Championship - PAL - EUR.jpg,RENOMEADO
IG03605L.jpg,Unreal Championship (2).jpg,RENOMEADO
IG03701K.jpg,SORM.jpg,RENOMEADO
IG03801A.jpg,The Terminator Dawn of Fate.jpg,RENOMEADO
IG03802E-PAL-FRA.jpg,The Terminator Dawn of Fate - PAL - FRA.jpg,RENOMEADO
IG03802E.jpg,The Terminator Dawn of Fate (2).jpg,RENOMEADO
IG03902K-NTSC-J-World-Collection.jpg,Dead Man's Hand - NTSC - J - WORLD - COLLECTION.jpg,RENOMEADO
IG03902K.jpg,Dead Man's Hand.jpg,RENOMEADO
IG04001A.jpg,Nickelodeon Party Blast.jpg,RENOMEADO
IG04003E.jpg,Nickelodeon Party Blast (2).jpg,RENOMEADO
IG04101E.jpg,Sega Soccer Slam.jpg,RENOMEADO
IG04301E.jpg,Panzer Dragoon ORTA.jpg,RENOMEADO
IG04401E-PAL-DEU.jpg,segaGT 2002 - PAL - DEU.jpg,RENOMEADO
IG04401E.jpg,segaGT 2002.jpg,RENOMEADO
IG04604E-PAL-DEU.jpg,Rollercoaster Tycoon - PAL - DEU.jpg,RENOMEADO
IG04604E-PAL-FRA.jpg,Rollercoaster Tycoon - PAL - FRA.jpg,RENOMEADO
IG04604E.jpg,Rollercoaster Tycoon.jpg,RENOMEADO
IG04605K.jpg,Rollercoaster Tycoon (2).jpg,RENOMEADO
IG05204E.jpg,V-Rally 3.jpg,RENOMEADO
IG05205K.jpg,V-Rally 3 (2).jpg,RENOMEADO
IG05602W.jpg,DRIV3R.jpg,RENOMEADO
IG05702W.jpg,Godzilla Melee.jpg,RENOMEADO
IG05901W-PAL-DEU.jpg,Terminator 3 - ROTM - PAL - DEU.jpg,RENOMEADO
IG05901W-PAL-GBR-FIN.jpg,Terminator 3 - ROTM - PAL - GBR - FIN.jpg,RENOMEADO
IG05901W.jpg,Terminator 3 - ROTM.jpg,RENOMEADO
IG06001K.jpg,Unreal II.jpg,RENOMEADO
IG06002E.jpg,Unreal II (2).jpg,RENOMEADO
IG06003E.jpg,Unreal II (3).jpg,RENOMEADO
IG06101A.jpg,Trivial Pursuit Unhinged.jpg,RENOMEADO
IG06201K.jpg,Terminator 3 The Redemption.jpg,RENOMEADO
IG06202E.jpg,Terminator 3 The Redemption (2).jpg,RENOMEADO
IG06401E-PAL-FRA.jpg,Dead Man's Hand - PAL - FRA.jpg,RENOMEADO
IG06401E.jpg,Dead Man's Hand (2).jpg,RENOMEADO
IG06501E-PAL-DEU.jpg,SORM - PAL - DEU.jpg,RENOMEADO
IG06501E-PAL-FRA.jpg,SORM - PAL - FRA.jpg,RENOMEADO
IG06501E.jpg,SORM (2).jpg,RENOMEADO
IG11501W.jpg,Godzilla Save the Earth.jpg,RENOMEADO
IG11601K.jpg,,NAO IDENTIFICADO
IG11603E.jpg,Demon Stone.jpg,RENOMEADO
IG11701K.jpg,Test Drive EOD.jpg,RENOMEADO
IG12101W-NTSC-J-World-Collection.jpg,Atari Anthology - NTSC - J - WORLD - COLLECTION.jpg,RENOMEADO
IG12101W.jpg,Atari Anthology.jpg,RENOMEADO
IG12201A.jpg,Dragon Ball Z Sagas.jpg,RENOMEADO
IG12303E.jpg,Fahrenheit.jpg,RENOMEADO
IG12304K.jpg,Indigo Prophecy.jpg,RENOMEADO
IG12401K.jpg,The Matrix PON.jpg,RENOMEADO
IG12403E.jpg,The Matrix PON (2).jpg,RENOMEADO
IG12501W-PAL-GBR.jpg,Getting Up Contents Under Pressure - PAL - GBR.jpg,RENOMEADO
IG12501W.jpg,Getting Up Contents Under Pressure.jpg,RENOMEADO
IG12703W.jpg,Driver Parallel Lines.jpg,RENOMEADO
IL00101J.jpg,MetalDungeon.jpg,RENOMEADO
IL00104J.jpg,MetalDungeon (2).jpg,RENOMEADO
IL00201J.jpg,Braveknight.jpg,RENOMEADO
IL00601J.jpg,青い涙.jpg,RENOMEADO
IO00301E.jpg,Animaniacs TGEH.jpg,RENOMEADO
IO00501E.jpg,metal slug 3.jpg,RENOMEADO
IP00602A.jpg,Run Like Hell.jpg,RENOMEADO
IP00603E.jpg,Run Like Hell (2).jpg,RENOMEADO
IP00801K.jpg,Fallout Brotherhood of Steel.jpg,RENOMEADO
IP00802E.jpg,Fallout Brotherhood of Steel (2).jpg,RENOMEADO
IP01003E-PAL-AUS.jpg,Baldur's Gate Dark Alliance 2 - PAL - AUS.jpg,RENOMEADO
IP01003E-PAL-DEU.jpg,Baldur's Gate Dark Alliance 2 - PAL - DEU.jpg,RENOMEADO
IP01003E-PAL-FRA.jpg,Baldur's Gate Dark Alliance 2 - PAL - FRA.jpg,RENOMEADO
IP01003E.jpg,Baldur's Gate Dark Alliance 2.jpg,RENOMEADO
IP01005K.jpg,Baldur's Gate Dark Alliance 2 (2).jpg,RENOMEADO
IX00101A.jpg,The Bard's Tale.jpg,RENOMEADO
IX00106E-PAL-AUS.jpg,The Bard's Tale - PAL - AUS.jpg,RENOMEADO
IX00106E-PAL-DEU.jpg,The Bard's Tale - PAL - DEU.jpg,RENOMEADO
IX00106E-PAL-FRA.jpg,The Bard's Tale - PAL - FRA.jpg,RENOMEADO
IX00106E.jpg,The Bard's Tale (2).jpg,RENOMEADO
JA00101A.jpg,Pulse Racer.jpg,RENOMEADO
JA00201A.jpg,NightCaster2.jpg,RENOMEADO
JA00403A.jpg,Super Bubble Pop.jpg,RENOMEADO
JA00404E.jpg,Super Bubble Pop (2).jpg,RENOMEADO
JA00501E-PAL-DEU.jpg,Goblin Commander - PAL - DEU.jpg,RENOMEADO
JA00501E-PAL-FRA.jpg,Goblin Commander - PAL - FRA.jpg,RENOMEADO
JA00501E.jpg,Goblin Commander.jpg,RENOMEADO
JA00503A.jpg,Goblin Commander (2).jpg,RENOMEADO
JA00601A.jpg,Room Zoom - Race for Impact.jpg,RENOMEADO
JA00602E.jpg,Room Zoom - Race for Impact (2).jpg,RENOMEADO
JA00703A.jpg,World Championship Pool 2004.jpg,RENOMEADO
JA00704E-PAL-DEU.jpg,World Championship Pool 2004 - PAL - DEU.jpg,RENOMEADO
JA00704E.jpg,World Championship Pool 2004 (2).jpg,RENOMEADO
JW00201E-PAL-DEU.jpg,Neighbours from Hell - PAL - DEU.jpg,RENOMEADO
JW00201E-PAL-FRA.jpg,Neighbours from Hell - PAL - FRA.jpg,RENOMEADO
JW00201E.jpg,Neighbours from Hell.jpg,RENOMEADO
JW00301E.jpg,Kao the Kangaroo 2.jpg,RENOMEADO
JW00401L.jpg,Yetisports Arctic Adventures.jpg,RENOMEADO
JW00502E.jpg,Ski Racing 2005.jpg,RENOMEADO
JW00901E.jpg,Panzer Elite Action.jpg,RENOMEADO
JW01001E.jpg,Ski Racing 2006.jpg,RENOMEADO
KA00101J.jpg,World Soccer 2002.jpg,RENOMEADO
KB00101A.jpg,Batman Dark Tomorrow.jpg,RENOMEADO
KB00104E-PAL-FRA.jpg,Batman Dark Tomorrow - PAL - FRA.jpg,RENOMEADO
KB00104E.jpg,Batman Dark Tomorrow (2).jpg,RENOMEADO
KB00202J.jpg,Egg Mania.jpg,RENOMEADO
KB00203A.jpg,Egg Mania (2).jpg,RENOMEADO
KB00301J.jpg,Rogue Ops.jpg,RENOMEADO
KB00403A.jpg,Rogue Ops (2).jpg,RENOMEADO
KB00404E-PAL-DEU.jpg,Rogue Ops - PAL - DEU.jpg,RENOMEADO
KB00404E-PAL-FRA.jpg,Rogue Ops - PAL - FRA.jpg,RENOMEADO
KB00404E.jpg,Rogue Ops (3).jpg,RENOMEADO
KB00504A.jpg,Chicago Enforcer.jpg,RENOMEADO
KB00601A.jpg,Yager.jpg,RENOMEADO
KB00703A.jpg,RPM Tuning.jpg,RENOMEADO
KD00201J.jpg,RAW.jpg,RENOMEADO
KI00101J-NTSC-J-Ao.jpg,ShikigaminoShiroEvolution - NTSC - J - AO.jpg,RENOMEADO
KI00101J.jpg,ShikigaminoShiroEvolution.jpg,RENOMEADO
KI00201J.jpg,ShikigaminoShiro2.jpg,RENOMEADO
KK00101J.jpg,Triangle Again.jpg,RENOMEADO
KK00201J.jpg,Triangle Again2.jpg,RENOMEADO
KK00302J.jpg,ExaSkeleton.jpg,RENOMEADO
KN00101A.jpg,WHITEOUT.jpg,RENOMEADO
KN00201A.jpg,Airforce Delta Storm.jpg,RENOMEADO
KN00203J.jpg,AIRFORCE DELTA II.jpg,RENOMEADO
KN00204E.jpg,DEADLY SKIES.jpg,RENOMEADO
KN00301A.jpg,ESPN NFL PrimeTime 2002.jpg,RENOMEADO
KN00401A.jpg,SILENT HILL 2.jpg,RENOMEADO
KN00403E.jpg,SILENT HILL 2 (2).jpg,RENOMEADO
KN00501A.jpg,ESPN MLS Extratime 2002.jpg,RENOMEADO
KN00601A.jpg,NBA2NIGHT 2002.jpg,RENOMEADO
KN00602J.jpg,NBA2NIGHT 2002 (2).jpg,RENOMEADO
KN00706A.jpg,MGS2 SUBSTANCE.jpg,RENOMEADO
KN00708E.jpg,MGS2 SUBSTANCE (2).jpg,RENOMEADO
KN00801E-PAL-DEU.jpg,International Superstar Soccer2 - PAL - DEU.jpg,RENOMEADO
KN00801E.jpg,International Superstar Soccer2.jpg,RENOMEADO
KN00901J.jpg,ESPN Winter X Games Snowboarding 2002.jpg,RENOMEADO
KN00902A.jpg,ESPN Winter X Games Snowboarding 2002 (2).jpg,RENOMEADO
KN01001J.jpg,ハイパースポーツ 2002 WINTER.jpg,RENOMEADO
KN01101A.jpg,Winter Sports 2002.jpg,RENOMEADO
KN01102E.jpg,Winter Sports.jpg,RENOMEADO
KN01401E.jpg,Shadow Of Memories.jpg,RENOMEADO
KN01501E.jpg,TOUR DE FRANCE.jpg,RENOMEADO
KN01601J.jpg,WTA Tour Tennis Pro Evolution.jpg,RENOMEADO
KN01602E-PAL-FRA.jpg,PRO TENNIS WTA TOUR - PAL - FRA.jpg,RENOMEADO
KN01602E.jpg,PRO TENNIS WTA TOUR.jpg,RENOMEADO
KN01603A.jpg,WTA Tour Tennis.jpg,RENOMEADO
KN01701J.jpg,Crash Bandicoot Japan.jpg,RENOMEADO
KN01801A.jpg,NBA STARTING FIVE.jpg,RENOMEADO
KN01901A.jpg,Frogger Beyond.jpg,RENOMEADO
KN02501A-NTSC-U-Platinum-Family-Hits.jpg,DDRULTRAMIX - NTSC - U - PLATINUM - FAMILY - HITS.jpg,RENOMEADO
KN02501A.jpg,DDRULTRAMIX.jpg,RENOMEADO
KN02601A.jpg,Silent Scope Complete.jpg,RENOMEADO
KN02602E-PAL-NLD.jpg,Silent Scope Complete - PAL - NLD.jpg,RENOMEADO
KN02602E.jpg,Silent Scope Complete (2).jpg,RENOMEADO
KN02701A.jpg,TMNT.jpg,RENOMEADO
KN02702E.jpg,Teenage Mutant Ninja Turtles.jpg,RENOMEADO
KN02803A.jpg,CrimeLife.jpg,RENOMEADO
KN02901E.jpg,Dancing Stage Unleashed.jpg,RENOMEADO
KN03002E-PAL-AUS.jpg,,NAO IDENTIFICADO
KN03002E-PAL-NLD.jpg,,NAO IDENTIFICADO
KN03002E.jpg,,NAO IDENTIFICADO
KN03003A.jpg,Yu-Gi-Oh! The Dawn of Destiny.jpg,RENOMEADO
KN03101K.jpg,Silent Hill 4.jpg,RENOMEADO
KN03102E.jpg,Silent Hill 4 (2).jpg,RENOMEADO
KN03202A.jpg,TMNT(TM) Mutant Melee(TM).jpg,RENOMEADO
KN03304A.jpg,DDR ULTRAMIX 2.jpg,RENOMEADO
KN03401E-PAL-DEU.jpg,ProEvolutionSoccer4 - PAL - DEU.jpg,RENOMEADO
KN03401E.jpg,ProEvolutionSoccer4.jpg,RENOMEADO
KN03501A.jpg,TMNT(TM)2.jpg,RENOMEADO
KN03503E.jpg,TMNT(R)2.jpg,RENOMEADO
KN03602A.jpg,King Arthur.jpg,RENOMEADO
KN03603E-PAL-DEU.jpg,King Arthur - PAL - DEU.jpg,RENOMEADO
KN03603E.jpg,King Arthur (2).jpg,RENOMEADO
KN03701A.jpg,Karaoke Revolution.jpg,RENOMEADO
KN03901K.jpg,Winning Eleven 8 International.jpg,RENOMEADO
KN04101A-NTSC-U-Typo-Fix.jpg,DDR ULTRAMIX 3 - NTSC - U - TYPO - FIX.jpg,RENOMEADO
KN04101A.jpg,DDR ULTRAMIX 3.jpg,RENOMEADO
KN04201A.jpg,TMNT(R)3.jpg,RENOMEADO
KN04202E.jpg,TMNT(R)3 (2).jpg,RENOMEADO
KN04401A.jpg,Frogger Ancient Shadow.jpg,RENOMEADO
KN04501K.jpg,Castlevania CoD.jpg,RENOMEADO
KN04601A.jpg,Karaoke Revolution Party.jpg,RENOMEADO
KN04702K-NTSC-JA.jpg,World Soccer Winning Eleven 9 - NTSC - JA.jpg,RENOMEADO
KN04702K.jpg,World Soccer Winning Eleven 9.jpg,RENOMEADO
KN04802E-PAL-FRA.jpg,ProEvolutionSoccer5 - PAL - FRA.jpg,RENOMEADO
KN04802E.jpg,ProEvolutionSoccer5.jpg,RENOMEADO
KN05202L-PAL-GBR.jpg,Wallace & Gromit COTW - PAL - GBR.jpg,RENOMEADO
KN05202L.jpg,Wallace & Gromit COTW.jpg,RENOMEADO
KN05501A.jpg,DDR ULTRAMIX 4.jpg,RENOMEADO
KN05601A.jpg,Xiaolin Showdown.jpg,RENOMEADO
KN05602E.jpg,Xiaolin Showdown (2).jpg,RENOMEADO
KO00101J.jpg,Nobu9Xbox.jpg,RENOMEADO
KO00202J.jpg,KURENAI.jpg,RENOMEADO
KO00203A.jpg,CrimsonSea.jpg,RENOMEADO
KO00205E.jpg,CrimsonSea (2).jpg,RENOMEADO
KO00301A.jpg,DynastyWarriors3.jpg,RENOMEADO
KO00302J.jpg,真・三國無双２.jpg,RENOMEADO
KO00303E-PAL-ESP.jpg,DynastyWarriors3 - PAL - ESP.jpg,RENOMEADO
KO00303E.jpg,DynastyWarriors3 (2).jpg,RENOMEADO
KO00403K.jpg,DynastyWarriors4.jpg,RENOMEADO
KO00404J.jpg,真・三國無双３.jpg,RENOMEADO
KO00407E.jpg,,NAO IDENTIFICADO
KO00408E.jpg,,NAO IDENTIFICADO
KO00501J.jpg,戦国無双.jpg,RENOMEADO
KO00601A.jpg,SamuraiWarriors.jpg,RENOMEADO
KO00701J.jpg,真・三國無双４.jpg,RENOMEADO
KO00702E.jpg,Dynasty Warriors 5.jpg,RENOMEADO
KO00703K.jpg,Dynasty Warriors 5 (2).jpg,RENOMEADO
KO00704E.jpg,Dynasty Warriors 5 (3).jpg,RENOMEADO
KO00801A.jpg,WINBACK2.jpg,RENOMEADO
KO00802E.jpg,WINBACK2 (2).jpg,RENOMEADO
KT00101J.jpg,SILENT HILL 2 (3).jpg,RENOMEADO
KU00102J-NTSC-J-Dark.jpg,,NAO IDENTIFICADO
KU00102J.jpg,,NAO IDENTIFICADO
LA00101A-NTSC-U-Platinum.jpg,Star Wars Obi-Wan - NTSC - U - PLATINUM.jpg,RENOMEADO
LA00101A.jpg,Star Wars Obi-Wan (2).jpg,RENOMEADO
LA00201A.jpg,Starfighter SE.jpg,RENOMEADO
LA00301A.jpg,Star Wars KotOR.jpg,RENOMEADO
LA00302E-PAL-AUS-Classics.jpg,Star Wars KotOR - PAL - AUS - CLASSICS.jpg,RENOMEADO
LA00302E-PAL-AUS.jpg,Star Wars KotOR - PAL - AUS.jpg,RENOMEADO
LA00302E.jpg,Star Wars KotOR (2).jpg,RENOMEADO
LA00303E.jpg,Star Wars KotOR (3).jpg,RENOMEADO
LA00310A.jpg,Star Wars KotOR (4).jpg,RENOMEADO
LA00401A.jpg,SW The Clone Wars.jpg,RENOMEADO
LA00403E.jpg,SW The Clone Wars (2).jpg,RENOMEADO
LA00404E.jpg,SW The Clone Wars (3).jpg,RENOMEADO
LA00501A.jpg,Star Wars Jedi Starfighter.jpg,RENOMEADO
LA00502E.jpg,Star Wars Jedi Starfighter (2).jpg,RENOMEADO
LA00507E.jpg,Star Wars Jedi Starfighter (3).jpg,RENOMEADO
LA00601A.jpg,Secret Weapons Over Normandy.jpg,RENOMEADO
LA00602E-PAL-AUS.jpg,Secret Weapons Over Normandy - PAL - AUS.jpg,RENOMEADO
LA00602E.jpg,Secret Weapons Over Normandy (2).jpg,RENOMEADO
LA00603E.jpg,Secret Weapons Over Normandy (3).jpg,RENOMEADO
LA00604E.jpg,Secret Weapons Over Normandy (4).jpg,RENOMEADO
LA00701A.jpg,Indiana Jones.jpg,RENOMEADO
LA00803E.jpg,Gladius™.jpg,RENOMEADO
LA00804E.jpg,Gladius™ (2).jpg,RENOMEADO
LA00805A.jpg,Gladius™ (3).jpg,RENOMEADO
LA00808E-PAL-ESP.jpg,,NAO IDENTIFICADO
LA00808E.jpg,,NAO IDENTIFICADO
LA00902A.jpg,Jedi Knight II (3).jpg,RENOMEADO
LA01101A.jpg,Jedi Knight Jedi Academy.jpg,RENOMEADO
LA01102E-PAL-DEU.jpg,Jedi Knight Jedi Academy - PAL - DEU.jpg,RENOMEADO
LA01102E-PAL-FRA.jpg,Jedi Knight Jedi Academy - PAL - FRA.jpg,RENOMEADO
LA01102E.jpg,Jedi Knight Jedi Academy (2).jpg,RENOMEADO
LA01103J.jpg,Jedi Knight Jedi Academy (3).jpg,RENOMEADO
LA01301A.jpg,Armed & Dangerous.jpg,RENOMEADO
LA01302E-PAL-AUS.jpg,Armed & Dangerous - PAL - AUS.jpg,RENOMEADO
LA01302E-PAL-ESP.jpg,Armed & Dangerous - PAL - ESP.jpg,RENOMEADO
LA01302E.jpg,Armed & Dangerous (2).jpg,RENOMEADO
LA01303E.jpg,Armed & Dangerous (3).jpg,RENOMEADO
LA01304E.jpg,Armed & Dangerous (4).jpg,RENOMEADO
LA01501A.jpg,Wrath Unleashed.jpg,RENOMEADO
LA01503E-PAL-DEU.jpg,Wrath Unleashed - PAL - DEU.jpg,RENOMEADO
LA01503E.jpg,Wrath Unleashed (2).jpg,RENOMEADO
LA01705W-PAL-GBR.jpg,Star Wars BattleFront - PAL - GBR.jpg,RENOMEADO
LA01705W.jpg,Star Wars BattleFront.jpg,RENOMEADO
LA01707E.jpg,Star Wars BattleFront (2).jpg,RENOMEADO
LA01708E.jpg,Star Wars BattleFront (3).jpg,RENOMEADO
LA01710J.jpg,Star Wars Battlefront (4).jpg,RENOMEADO
LA01902E.jpg,Star Wars Republic Commando.jpg,RENOMEADO
LA01904E.jpg,Star Wars Republic Commando (2).jpg,RENOMEADO
LA01907A.jpg,Star Wars Republic Commando (3).jpg,RENOMEADO
LA02002E.jpg,Star Wars KotOR II.jpg,RENOMEADO
LA02004E.jpg,Star Wars KotOR II (2).jpg,RENOMEADO
LA02008A.jpg,Star Wars KotOR II (3).jpg,RENOMEADO
LA02101W.jpg,Mercenaries.jpg,RENOMEADO
LA02103E.jpg,Mercenaries (2).jpg,RENOMEADO
LA02302E.jpg,Star Wars Episode III.jpg,RENOMEADO
LA02304E.jpg,Star Wars Episode III (2).jpg,RENOMEADO
LA02305A-NTSC-U-Preorder.jpg,Star Wars Episode III - NTSC - U - PREORDER.jpg,RENOMEADO
LA02305A.jpg,Star Wars Episode III (3).jpg,RENOMEADO
LA02502J.jpg,Star Wars Republic Commando (4).jpg,RENOMEADO
LA02601W.jpg,Star Wars Battlefront 2.jpg,RENOMEADO
LA02603E.jpg,Star Wars Battlefront 2 (2).jpg,RENOMEADO
LA03103L.jpg,LEGO Star Wars II.jpg,RENOMEADO
LA03401W-NTSC-U-Platinum.jpg,Thrillville - NTSC - U - PLATINUM.jpg,RENOMEADO
LA03401W.jpg,Thrillville.jpg,RENOMEADO
LS00201E.jpg,SCAR.jpg,RENOMEADO
MD00303J.jpg,DroneZ.jpg,RENOMEADO
MD00401W-PAL-DEU.jpg,,NAO IDENTIFICADO
MD00401W.jpg,,NAO IDENTIFICADO
ME00101J.jpg,C.A.T. ～サイバーアタックチーム～.jpg,RENOMEADO
MI00303A.jpg,TMS 2003.jpg,RENOMEADO
MI00403L.jpg,Memorick.jpg,RENOMEADO
MI00602L-PAL-GBR.jpg,Syberia - PAL - GBR.jpg,RENOMEADO
MI00602L.jpg,Syberia.jpg,RENOMEADO
MI00901E.jpg,Obscure.jpg,RENOMEADO
MI00902A.jpg,Obscure (2).jpg,RENOMEADO
MI00903E.jpg,Obscure (3).jpg,RENOMEADO
MI00904E.jpg,Obscure (4).jpg,RENOMEADO
MI01101L.jpg,StillLife.jpg,RENOMEADO
MI01102A.jpg,StillLife (2).jpg,RENOMEADO
MI01201E.jpg,RPM Tuning (2).jpg,RENOMEADO
MI01302A.jpg,Sniper Elite.jpg,RENOMEADO
MI01303E.jpg,Sniper Elite (2).jpg,RENOMEADO
MI01304E.jpg,Sniper Elite (3).jpg,RENOMEADO
MJ00101A.jpg,BloodRayne.jpg,RENOMEADO
MJ00202A.jpg,Totaled.jpg,RENOMEADO
MJ00301A.jpg,Gun Metal.jpg,RENOMEADO
MJ00801A.jpg,Blowout.jpg,RENOMEADO
MJ00802E.jpg,Blowout (2).jpg,RENOMEADO
MJ00901A.jpg,Advent Rising.jpg,RENOMEADO
MJ00902E-PAL-DEU.jpg,Advent Rising - PAL - DEU.jpg,RENOMEADO
MJ00902E-PAL-FRA.jpg,Advent Rising - PAL - FRA.jpg,RENOMEADO
MJ00902E.jpg,Advent Rising (2).jpg,RENOMEADO
MJ01101A.jpg,Drake.jpg,RENOMEADO
MJ01201A.jpg,Ultra Bust A Move.jpg,RENOMEADO
MJ01202J.jpg,ウルトラパズルボブル.jpg,RENOMEADO
MJ01203E.jpg,Ultra Bust A Move (2).jpg,RENOMEADO
MJ01303A.jpg,BloodRayne 2.jpg,RENOMEADO
MJ01305E.jpg,BloodRayne 2 (2).jpg,RENOMEADO
MJ01306E.jpg,BloodRayne 2 (3).jpg,RENOMEADO
MJ01503A.jpg,JAWS Unleashed.jpg,RENOMEADO
MJ01504E.jpg,JAWS Unleashed (2).jpg,RENOMEADO
MJ01701W.jpg,Raze's Hell.jpg,RENOMEADO
MJ01702E-PAL-FRA.jpg,Raze's Hell - PAL - FRA.jpg,RENOMEADO
MJ01702E.jpg,Raze's Hell (2).jpg,RENOMEADO
MJ01801A.jpg,Psychonauts.jpg,RENOMEADO
MJ01802E.jpg,Psychonauts (2).jpg,RENOMEADO
MJ01901W.jpg,Teen Titans.jpg,RENOMEADO
MJ02001K.jpg,Aeon Flux.jpg,RENOMEADO
MJ02002E-PAL-AUS.jpg,Aeon Flux - PAL - AUS.jpg,RENOMEADO
MJ02002E.jpg,Aeon Flux (2).jpg,RENOMEADO
MJ02003E.jpg,Aeon Flux (3).jpg,RENOMEADO
MJ02301A.jpg,Worms 4 Mayhem (2).jpg,RENOMEADO
MM00102A.jpg,STACKED.jpg,RENOMEADO
MP00101J.jpg,Myst III Exile.jpg,RENOMEADO
MP00201J.jpg,式神の城.jpg,RENOMEADO
MS00101A.jpg,Oddworld Munch's Oddysee.jpg,RENOMEADO
MS00102E.jpg,Oddworld Munch's Oddysee (2).jpg,RENOMEADO
MS00103E.jpg,Oddworld Munch's Oddysee (3).jpg,RENOMEADO
MS00104E.jpg,Oddworld Munch's Oddysee (4).jpg,RENOMEADO
MS00202A.jpg,Fuzion Frenzy.jpg,RENOMEADO
MS00203E.jpg,Fuzion Frenzy (2).jpg,RENOMEADO
MS00301A-NTSC-U-Platinum-X09-36020.jpg,Project Gotham Racing - NTSC - U - PLATINUM - X09 - 36020.jpg,RENOMEADO
MS00301A-NTSC-U-Platinum.jpg,Project Gotham Racing - NTSC - U - PLATINUM.jpg,RENOMEADO
MS00301A.jpg,Project Gotham Racing.jpg,RENOMEADO
MS00303J.jpg,Project Gotham Racing (2).jpg,RENOMEADO
MS00304E.jpg,Project Gotham Racing (3).jpg,RENOMEADO
MS00402A.jpg,Halo.jpg,RENOMEADO
MS00403E-PAL-AUS-Classics.jpg,Halo - PAL - AUS - CLASSICS.jpg,RENOMEADO
MS00403E-PAL-AUS-Rev-1.jpg,Halo - PAL - AUS - REV - 1.jpg,RENOMEADO
MS00403E-PAL-AUS.jpg,Halo - PAL - AUS.jpg,RENOMEADO
MS00403E-PAL-DNK-FIN-NOR-SWE.jpg,Halo - PAL - DNK - FIN - NOR - SWE.jpg,RENOMEADO
MS00403E.jpg,Halo (2).jpg,RENOMEADO
MS00404E-PAL-FRA.jpg,Halo - PAL - FRA.jpg,RENOMEADO
MS00404E.jpg,Halo (3).jpg,RENOMEADO
MS00405E-PAL-ITA.jpg,Halo - PAL - ITA.jpg,RENOMEADO
MS00405E.jpg,Halo (4).jpg,RENOMEADO
MS00406J-NTSC-J-Platinum.jpg,Halo - NTSC - J - PLATINUM.jpg,RENOMEADO
MS00406J.jpg,Halo (5).jpg,RENOMEADO
MS00408A-NTSC-U-GOTY-X09-51369.jpg,Halo - NTSC - U - GOTY - X09 - 51369.jpg,RENOMEADO
MS00408A.jpg,Halo (6).jpg,RENOMEADO
MS00408J.jpg,Xbox Halo Demo Disc.jpg,RENOMEADO
MS00409A-NTSC-U-GOTY-X10-43982.jpg,Halo - NTSC - U - GOTY - X10 - 43982.jpg,RENOMEADO
MS00409A-NTSC-U-Platinum-Best-of.jpg,Halo - NTSC - U - PLATINUM - BEST - OF.jpg,RENOMEADO
MS00409A.jpg,Halo (7).jpg,RENOMEADO
MS00502A.jpg,Amped.jpg,RENOMEADO
MS00503E.jpg,Amped (2).jpg,RENOMEADO
MS00602A.jpg,NFLFever.jpg,RENOMEADO
MS00701A.jpg,Azurik - Rise of Perathia.jpg,RENOMEADO
MS00803A.jpg,,NAO IDENTIFICADO
MS01001W.jpg,Sudeki.jpg,RENOMEADO
MS01002J.jpg,Sudeki (2).jpg,RENOMEADO
MS01101K-NTSC-J.jpg,NBA Inside Drive 2004 - NTSC - J.jpg,RENOMEADO
MS01101K.jpg,NBA Inside Drive 2004.jpg,RENOMEADO
MS01102E.jpg,NBA Inside Drive 2004 (2).jpg,RENOMEADO
MS01201J.jpg,Kakuto Chojin.jpg,RENOMEADO
MS01202A.jpg,Kakuto Chojin (2).jpg,RENOMEADO
MS01302E.jpg,Fable.jpg,RENOMEADO
MS01303L.jpg,Fable (2).jpg,RENOMEADO
MS01305E.jpg,Fable (3).jpg,RENOMEADO
MS01306J.jpg,Fable (4).jpg,RENOMEADO
MS01502E-PAL-AUS.jpg,RalliSport Challenge - PAL - AUS.jpg,RENOMEADO
MS01502E-PAL-DEU.jpg,RalliSport Challenge - PAL - DEU.jpg,RENOMEADO
MS01502E.jpg,RalliSport Challenge.jpg,RENOMEADO
MS01503A.jpg,RalliSport Challenge (2).jpg,RENOMEADO
MS01505E.jpg,RalliSport Challenge (3).jpg,RENOMEADO
MS01506A.jpg,RalliSport Challenge (4).jpg,RENOMEADO
MS01507J.jpg,RalliSport Challenge (5).jpg,RENOMEADO
MS01601A.jpg,Blood Wake.jpg,RENOMEADO
MS01701A.jpg,NBA Inside Drive 2002.jpg,RENOMEADO
MS01902J.jpg,BLiNX the time sweeper.jpg,RENOMEADO
MS01903E-PAL-AUS.jpg,BLiNX the time sweeper - PAL - AUS.jpg,RENOMEADO
MS01903E-PAL-FRA.jpg,BLiNX the time sweeper - PAL - FRA.jpg,RENOMEADO
MS01903E.jpg,BLiNX the time sweeper (2).jpg,RENOMEADO
MS01905A.jpg,BLiNX the time sweeper (3).jpg,RENOMEADO
MS01906A.jpg,BLiNX the time sweeper (4).jpg,RENOMEADO
MS02002E-PAL-DEU.jpg,Tao Feng - PAL - DEU.jpg,RENOMEADO
MS02002E-PAL-ESP.jpg,Tao Feng - PAL - ESP.jpg,RENOMEADO
MS02002E-PAL-FRA.jpg,Tao Feng - PAL - FRA.jpg,RENOMEADO
MS02002E.jpg,Tao Feng.jpg,RENOMEADO
MS02003K-NTSC-J.jpg,Tao Feng - NTSC - J.jpg,RENOMEADO
MS02003K.jpg,Tao Feng (2).jpg,RENOMEADO
MS02102J.jpg,Quantum Redshift.jpg,RENOMEADO
MS02103E-PAL-DEU.jpg,Quantum Redshift - PAL - DEU.jpg,RENOMEADO
MS02103E-PAL-FRA.jpg,Quantum Redshift - PAL - FRA.jpg,RENOMEADO
MS02103E.jpg,Quantum Redshift (2).jpg,RENOMEADO
MS02104A.jpg,Quantum Redshift (3).jpg,RENOMEADO
MS02105J.jpg,Quantum Redshift (4).jpg,RENOMEADO
MS02301L-PAL-GBR.jpg,MechAssault - PAL - GBR.jpg,RENOMEADO
MS02301L.jpg,MechAssault.jpg,RENOMEADO
MS02307J.jpg,MechAssault (2).jpg,RENOMEADO
MS02308L.jpg,MechAssault (3).jpg,RENOMEADO
MS03003J-NTSC-JS.jpg,Brute Force - NTSC - JS.jpg,RENOMEADO
MS03003J.jpg,Brute Force.jpg,RENOMEADO
MS03006A-NTSC-U-Platinum.jpg,Brute Force - NTSC - U - PLATINUM.jpg,RENOMEADO
MS03006A.jpg,Brute Force (2).jpg,RENOMEADO
MS03007E-PAL-AUS.jpg,Brute Force - PAL - AUS.jpg,RENOMEADO
MS03007E-PAL-DEU.jpg,Brute Force - PAL - DEU.jpg,RENOMEADO
MS03007E-PAL-FRA.jpg,Brute Force - PAL - FRA.jpg,RENOMEADO
MS03007E.jpg,Brute Force (3).jpg,RENOMEADO
MS03301A.jpg,Crimson Skies.jpg,RENOMEADO
MS03303E.jpg,Crimson Skies (2).jpg,RENOMEADO
MS03304J.jpg,Crimson Skies (3).jpg,RENOMEADO
MS03501J.jpg,ねずみくす.jpg,RENOMEADO
MS03502A.jpg,Sneakers.jpg,RENOMEADO
MS03901L-PAL-AUS.jpg,Whacked - PAL - AUS.jpg,RENOMEADO
MS03901L-PAL-DEU.jpg,Whacked - PAL - DEU.jpg,RENOMEADO
MS03901L-PAL-FRA.jpg,Whacked - PAL - FRA.jpg,RENOMEADO
MS03901L-PAL-GBR.jpg,Whacked - PAL - GBR.jpg,RENOMEADO
MS03901L.jpg,Whacked.jpg,RENOMEADO
MS03905J.jpg,Whacked (2).jpg,RENOMEADO
MS04004A.jpg,NFL Fever 2003.jpg,RENOMEADO
MS04005E-PAL-AUS.jpg,NFL Fever 2003 - PAL - AUS.jpg,RENOMEADO
MS04005E-PAL-EUR.jpg,NFL Fever 2003 - PAL - EUR.jpg,RENOMEADO
MS04005E.jpg,NFL Fever 2003 (2).jpg,RENOMEADO
MS04202J.jpg,Midtown Madness 3.jpg,RENOMEADO
MS04203E-PAL-AUS.jpg,Midtown Madness 3 - PAL - AUS.jpg,RENOMEADO
MS04203E.jpg,Midtown Madness 3 (2).jpg,RENOMEADO
MS04204A.jpg,Midtown Madness 3 (3).jpg,RENOMEADO
MS04501E-PAL-AUS-Classics.jpg,Dead or Alive 3 - PAL - AUS - CLASSICS.jpg,RENOMEADO
MS04501E-PAL-AUS.jpg,Dead or Alive 3 - PAL - AUS.jpg,RENOMEADO
MS04501E-PAL-DEU-Classics.jpg,Dead or Alive 3 - PAL - DEU - CLASSICS.jpg,RENOMEADO
MS04501E-PAL-DEU.jpg,Dead or Alive 3 - PAL - DEU.jpg,RENOMEADO
MS04501E-PAL-FRA.jpg,Dead or Alive 3 - PAL - FRA.jpg,RENOMEADO
MS04501E-PAL-GBR-Classics.jpg,Dead or Alive 3 - PAL - GBR - CLASSICS.jpg,RENOMEADO
MS04501E.jpg,Dead or Alive 3.jpg,RENOMEADO
MS04601J.jpg,MAXIMUM CHASE.jpg,RENOMEADO
MS04602A.jpg,MAXIMUM CHASE (2).jpg,RENOMEADO
MS04701J.jpg,Tenku.jpg,RENOMEADO
MS04801J.jpg,Jockey'sRoad.jpg,RENOMEADO
MS04903E.jpg,Kung Fu Chaos.jpg,RENOMEADO
MS04904J.jpg,Kung Fu Chaos (2).jpg,RENOMEADO
MS04905K.jpg,Kung Fu Chaos (3).jpg,RENOMEADO
MS05001A.jpg,Shenmue II.jpg,RENOMEADO
MS05002E.jpg,Shenmue II (2).jpg,RENOMEADO
MS05201A.jpg,Inside Pitch 2003.jpg,RENOMEADO
MS05204J.jpg,Inside Pitch 2003 (2).jpg,RENOMEADO
MS05301A.jpg,TopSpin.jpg,RENOMEADO
MS05302E-PAL-AUS-Not-For-Resale.jpg,TopSpin - PAL - AUS - NOT - FOR - RESALE.jpg,RENOMEADO
MS05302E-PAL-AUS.jpg,TopSpin - PAL - AUS.jpg,RENOMEADO
MS05302E-PAL-DEU.jpg,TopSpin - PAL - DEU.jpg,RENOMEADO
MS05302E.jpg,TopSpin (2).jpg,RENOMEADO
MS05304J.jpg,TopSpin (3).jpg,RENOMEADO
MS05401K-NTSC-J-World-Collection.jpg,Counter-Strike - NTSC - J - WORLD - COLLECTION.jpg,RENOMEADO
MS05401K-NTSC-U-Best-Of-Platinum.jpg,Counter-Strike - NTSC - U - BEST - OF - PLATINUM.jpg,RENOMEADO
MS05401K-NTSC-U-Platinum.jpg,Counter-Strike - NTSC - U - PLATINUM.jpg,RENOMEADO
MS05401K.jpg,Counter-Strike.jpg,RENOMEADO
MS05402E-PAL-AUS.jpg,Counter-Strike - PAL - AUS.jpg,RENOMEADO
MS05402E-PAL-DEU.jpg,Counter-Strike - PAL - DEU.jpg,RENOMEADO
MS05402E.jpg,Counter-Strike (2).jpg,RENOMEADO
MS05701W-NTSC-J.jpg,RalliSport Challenge 2 - NTSC - J.jpg,RENOMEADO
MS05701W.jpg,RalliSport Challenge 2.jpg,RENOMEADO
MS06001J.jpg,N.U.D.E.@.jpg,RENOMEADO
MS06501A.jpg,Amped 2.jpg,RENOMEADO
MS06502E-PAL-AUS.jpg,Amped 2 - PAL - AUS.jpg,RENOMEADO
MS06502E-PAL-FRA.jpg,Amped 2 - PAL - FRA.jpg,RENOMEADO
MS06502E.jpg,Amped 2 (2).jpg,RENOMEADO
MS06504J.jpg,Tenku 2.jpg,RENOMEADO
MS06901A.jpg,NBA Inside Drive 2003.jpg,RENOMEADO
MS07001J.jpg,PhantomDust.jpg,RENOMEADO
MS07003A.jpg,PhantomDust (2).jpg,RENOMEADO
MS07201J.jpg,THE WILD RINGS.jpg,RENOMEADO
MS07401J.jpg,PSO.jpg,RENOMEADO
MS07404A-NTSC-U-For-Display-Only.jpg,PSO - NTSC - U - FOR - DISPLAY - ONLY.jpg,RENOMEADO
MS07404A.jpg,PSO (2).jpg,RENOMEADO
MS07502E.jpg,Project Gotham Racing 2.jpg,RENOMEADO
MS07505K-NTSC-J.jpg,Project Gotham Racing 2 - NTSC - J.jpg,RENOMEADO
MS07505K.jpg,Project Gotham Racing 2 (2).jpg,RENOMEADO
MS07702J.jpg,NFL Fever 2004.jpg,RENOMEADO
MS07703A.jpg,NFL Fever 2004 (2).jpg,RENOMEADO
MS07704E.jpg,NFL Fever 2004 (3).jpg,RENOMEADO
MS07801K.jpg,NHL Rivals 2004.jpg,RENOMEADO
MS07802E-PAL-AUS.jpg,NHL Rivals 2004 - PAL - AUS.jpg,RENOMEADO
MS07802E.jpg,NHL Rivals 2004 (2).jpg,RENOMEADO
MS08102A.jpg,Conker Live and Reloaded.jpg,RENOMEADO
MS08103E.jpg,Conker Live and Reloaded (2).jpg,RENOMEADO
MS08104J.jpg,Conker Live and Reloaded (3).jpg,RENOMEADO
MS08301A.jpg,Grabbed by the Ghoulies.jpg,RENOMEADO
MS08302E-PAL-AUS.jpg,Grabbed by the Ghoulies - PAL - AUS.jpg,RENOMEADO
MS08302E-PAL-DEU.jpg,Grabbed by the Ghoulies - PAL - DEU.jpg,RENOMEADO
MS08302E-PAL-FRA.jpg,Grabbed by the Ghoulies - PAL - FRA.jpg,RENOMEADO
MS08302E.jpg,Grabbed by the Ghoulies (2).jpg,RENOMEADO
MS08303J-NTSC-JS-Platinum.jpg,Grabbed by the Ghoulies - NTSC - JS - PLATINUM.jpg,RENOMEADO
MS08303J-NTSC-JS.jpg,Grabbed by the Ghoulies - NTSC - JS.jpg,RENOMEADO
MS08303J.jpg,Grabbed by the Ghoulies (3).jpg,RENOMEADO
MS08701J-NTSC-JS-Not-For-Resale.jpg,Halo - NTSC - JS - NOT - FOR - RESALE.jpg,RENOMEADO
MS08701J.jpg,Halo (8).jpg,RENOMEADO
MS08801J.jpg,Halo (9).jpg,RENOMEADO
MS08901E.jpg,Project ZERO.jpg,RENOMEADO
MS09002E.jpg,Xbox Music Mixer.jpg,RENOMEADO
MS09005A.jpg,Xbox Music Mixer (2).jpg,RENOMEADO
MS09008J.jpg,Xbox Music Mixer (3).jpg,RENOMEADO
MS09301A.jpg,Links 2004.jpg,RENOMEADO
MS09302E-PAL-AUS.jpg,Links 2004 - PAL - AUS.jpg,RENOMEADO
MS09302E.jpg,Links 2004 (2).jpg,RENOMEADO
MS09303J.jpg,Links 2004 (3).jpg,RENOMEADO
MS09501A.jpg,Voodoo Vince.jpg,RENOMEADO
MS09502E-PAL-AUS.jpg,Voodoo Vince - PAL - AUS.jpg,RENOMEADO
MS09502E-PAL-DEU.jpg,Voodoo Vince - PAL - DEU.jpg,RENOMEADO
MS09502E.jpg,Voodoo Vince (2).jpg,RENOMEADO
MS09503J.jpg,Voodoo Vince (3).jpg,RENOMEADO
MS10003W-NTSC-JM.jpg,Halo 2 - NTSC - JM.jpg,RENOMEADO
MS10003W-NTSC-U-Platinum.jpg,Halo 2 - NTSC - U - PLATINUM.jpg,RENOMEADO
MS10003W-NTSC-UC-Platinum.jpg,Halo 2 - NTSC - UC - PLATINUM.jpg,RENOMEADO
MS10003W-PAL-AUS.jpg,Halo 2 - PAL - AUS.jpg,RENOMEADO
MS10003W-PAL-GBR.jpg,Halo 2 - PAL - GBR.jpg,RENOMEADO
MS10003W.jpg,Halo 2.jpg,RENOMEADO
MS10004W.jpg,Halo 2 (2).jpg,RENOMEADO
MS10005W.jpg,Halo 2 (3).jpg,RENOMEADO
MS10006W.jpg,Halo 2 (4).jpg,RENOMEADO
MS10008W.jpg,Halo 2 (5).jpg,RENOMEADO
MS10009W.jpg,Halo 2 (6).jpg,RENOMEADO
MS10010W.jpg,Halo 2 (7).jpg,RENOMEADO
MS10101W-NTSC-J.jpg,BLiNX2 - NTSC - J.jpg,RENOMEADO
MS10101W.jpg,BLiNX2.jpg,RENOMEADO
MS10201J.jpg,magatama.jpg,RENOMEADO
MS10501J.jpg,DinosaurHunting.jpg,RENOMEADO
MS10706W-NTSC-J.jpg,MechAssault2 - NTSC - J.jpg,RENOMEADO
MS10706W-NTSC-U-Limited.jpg,MechAssault2 - NTSC - U - LIMITED.jpg,RENOMEADO
MS10706W-NTSC-U-Platinum.jpg,MechAssault2 - NTSC - U - PLATINUM.jpg,RENOMEADO
MS10706W-PAL-DEU.jpg,MechAssault2 - PAL - DEU.jpg,RENOMEADO
MS10706W-PAL-GBR.jpg,MechAssault2 - PAL - GBR.jpg,RENOMEADO
MS10706W.jpg,MechAssault2.jpg,RENOMEADO
MS10901L-PAL-ESP.jpg,Jade Empire - PAL - ESP.jpg,RENOMEADO
MS10901L-PAL-GBR.jpg,Jade Empire - PAL - GBR.jpg,RENOMEADO
MS10901L.jpg,Jade Empire.jpg,RENOMEADO
MS10902E.jpg,Jade Empire (2).jpg,RENOMEADO
MS10905J.jpg,Jade Empire (3).jpg,RENOMEADO
MS11001W-NTSC-J.jpg,Forza Motorsport - NTSC - J.jpg,RENOMEADO
MS11001W-NTSC-U-Display-Only.jpg,Forza Motorsport - NTSC - U - DISPLAY - ONLY.jpg,RENOMEADO
MS11001W.jpg,Forza Motorsport.jpg,RENOMEADO
MS12402J.jpg,Xbox Video Chat.jpg,RENOMEADO
MS13202A.jpg,Volvo Drive for Life.jpg,RENOMEADO
MS20001A.jpg,Xbox Live Arcade.jpg,RENOMEADO
MS20002W-NTSC-J.jpg,Xbox Live Arcade - NTSC - J.jpg,RENOMEADO
MS20002W.jpg,Xbox Live Arcade (2).jpg,RENOMEADO
MS20570W-NTSC-J.jpg,Halo 2 Multiplayer Map Pack - NTSC - J.jpg,RENOMEADO
MS20570W-PAL-AUS.jpg,Halo 2 Multiplayer Map Pack - PAL - AUS.jpg,RENOMEADO
MS20570W-PAL-DEU.jpg,Halo 2 Multiplayer Map Pack - PAL - DEU.jpg,RENOMEADO
MS20570W-PAL-FRA.jpg,Halo 2 Multiplayer Map Pack - PAL - FRA.jpg,RENOMEADO
MS20570W-PAL-GBR.jpg,Halo 2 Multiplayer Map Pack - PAL - GBR.jpg,RENOMEADO
MS20570W-PAL-ITA.jpg,Halo 2 Multiplayer Map Pack - PAL - ITA.jpg,RENOMEADO
MS20570W.jpg,Halo 2 Multiplayer Map Pack.jpg,RENOMEADO
MS20901A.jpg,Fable The Lost Chapters.jpg,RENOMEADO
MS21001A.jpg,Burger King Big Bumpin.jpg,RENOMEADO
MS21101A.jpg,Burger King Sneak King.jpg,RENOMEADO
MS21201A.jpg,Pocketbike Racer.jpg,RENOMEADO
MW00101A.jpg,NFL Blitz 20-02.jpg,RENOMEADO
MW00201A.jpg,Arctic Thunder.jpg,RENOMEADO
MW00202E-PAL-DEU.jpg,Arctic Thunder - PAL - DEU.jpg,RENOMEADO
MW00202E.jpg,Arctic Thunder (2).jpg,RENOMEADO
MW00301A.jpg,NHL Hitz 2002.jpg,RENOMEADO
MW00401A.jpg,Spy Hunter.jpg,RENOMEADO
MW00402E.jpg,Spy Hunter (2).jpg,RENOMEADO
MW00502E-PAL-AUS.jpg,Area51 - PAL - AUS.jpg,RENOMEADO
MW00502E.jpg,Area51.jpg,RENOMEADO
MW00503A.jpg,Area51 (2).jpg,RENOMEADO
MW00601A.jpg,Defender.jpg,RENOMEADO
MW00701A.jpg,Freaky Flyers.jpg,RENOMEADO
MW00703E-PAL-DEU.jpg,Freaky Flyers - PAL - DEU.jpg,RENOMEADO
MW00703E.jpg,Freaky Flyers (2).jpg,RENOMEADO
MW00801A.jpg,Slugfest.jpg,RENOMEADO
MW00901A.jpg,Slugfest2004.jpg,RENOMEADO
MW01001A.jpg,NFL Blitz 20-03.jpg,RENOMEADO
MW01101A.jpg,NHL Hitz 2003.jpg,RENOMEADO
MW01201A.jpg,MK Deadly Alliance.jpg,RENOMEADO
MW01202E.jpg,MK Deadly Alliance (2).jpg,RENOMEADO
MW01203E.jpg,MK Deadly Alliance (3).jpg,RENOMEADO
MW01301A.jpg,Gravity Games.jpg,RENOMEADO
MW01402E.jpg,Gauntlet Dark Legacy.jpg,RENOMEADO
MW01403A.jpg,Gauntlet Dark Legacy (2).jpg,RENOMEADO
MW01502A.jpg,RedCard.jpg,RENOMEADO
MW01503E.jpg,RedCard (2).jpg,RENOMEADO
MW01601A.jpg,NBA Ballers.jpg,RENOMEADO
MW01701A.jpg,Dr. Muto.jpg,RENOMEADO
MW01702E-PAL-AUS.jpg,Dr. Muto - PAL - AUS.jpg,RENOMEADO
MW01702E.jpg,Dr. Muto (2).jpg,RENOMEADO
MW01802E.jpg,Fireblade.jpg,RENOMEADO
MW01803A.jpg,Fireblade (2).jpg,RENOMEADO
MW02001A.jpg,NFL Blitz Pro.jpg,RENOMEADO
MW02101A.jpg,The Suffering.jpg,RENOMEADO
MW02201A.jpg,PsiOps.jpg,RENOMEADO
MW02202E.jpg,PsiOps (2).jpg,RENOMEADO
MW02203E.jpg,PsiOps (3).jpg,RENOMEADO
MW02301A.jpg,Freestyle MetalX.jpg,RENOMEADO
MW02302E.jpg,Freestyle MetalX (2).jpg,RENOMEADO
MW02401A.jpg,RoadKill.jpg,RENOMEADO
MW02402E.jpg,RoadKill (2).jpg,RENOMEADO
MW02505A.jpg,Mortal Kombat Deception.jpg,RENOMEADO
MW02602E.jpg,NHL Hitz Pro.jpg,RENOMEADO
MW02604A.jpg,NHL Hitz Pro (2).jpg,RENOMEADO
MW02701A.jpg,SpyHunter 2.jpg,RENOMEADO
MW02703E-PAL-DEU.jpg,SpyHunter 2 - PAL - DEU.jpg,RENOMEADO
MW02703E.jpg,SpyHunter 2 (2).jpg,RENOMEADO
MW02801L-PAL-GBR-NLD.jpg,Midway Arcade Treasures - PAL - GBR - NLD.jpg,RENOMEADO
MW02801L.jpg,Midway Arcade Treasures.jpg,RENOMEADO
MW02903A.jpg,SlugfestLoaded.jpg,RENOMEADO
MW03201L.jpg,Midway Arcade Treasures 2.jpg,RENOMEADO
MW03301W-PAL-GBR.jpg,Unreal Championship 2 - PAL - GBR.jpg,RENOMEADO
MW03301W.jpg,Unreal Championship 2.jpg,RENOMEADO
MW03401A.jpg,Gauntlet Seven Sorrows.jpg,RENOMEADO
MW03502E.jpg,Mortal Kombat Deception (2).jpg,RENOMEADO
MW03503E.jpg,Mortal Kombat Deception (3).jpg,RENOMEADO
MW03601A.jpg,Narc.jpg,RENOMEADO
MW03602E.jpg,Narc (2).jpg,RENOMEADO
MW03701L.jpg,LA Rush.jpg,RENOMEADO
MW03801A.jpg,Blitz The League.jpg,RENOMEADO
MW04103L.jpg,MK Shaolin Monks.jpg,RENOMEADO
MW04401L.jpg,The Suffering Ties That Bind.jpg,RENOMEADO
MW04403E.jpg,The Suffering Ties That Bind (2).jpg,RENOMEADO
MW04404E.jpg,The Suffering Ties That Bind (3).jpg,RENOMEADO
MW04501L-PAL-GBR.jpg,Midway Arcade Treasures 3 - PAL - GBR.jpg,RENOMEADO
MW04501L.jpg,Midway Arcade Treasures 3.jpg,RENOMEADO
MW04601A.jpg,NBA Ballers Phenom.jpg,RENOMEADO
MW05001A.jpg,"Ed, Edd n Eddy The MIS-EDventures.jpg",RENOMEADO
MW05101E.jpg,Gauntlet Seven Sorrows (2).jpg,RENOMEADO
MW05202A.jpg,Mortal Kombat 7.jpg,RENOMEADO
MW05501A.jpg,Spy Hunter NTR.jpg,RENOMEADO
MW05601A.jpg,Slugfest 2006.jpg,RENOMEADO
MX00101E.jpg,Dreamfall (2).jpg,RENOMEADO
NK00101A.jpg,Tom and Jerry.jpg,RENOMEADO
NL00201W.jpg,Delta Force BHD.jpg,RENOMEADO
NM00102A.jpg,Smashing Drive.jpg,RENOMEADO
NM00301A.jpg,SOULCALIBUR2.jpg,RENOMEADO
NM00302J.jpg,SOULCALIBUR2 (2).jpg,RENOMEADO
NM00303E-PAL-FRA.jpg,SOULCALIBUR2 - PAL - FRA.jpg,RENOMEADO
NM00303E.jpg,SOULCALIBUR2 (3).jpg,RENOMEADO
NM00502J.jpg,Dead To Rights (2).jpg,RENOMEADO
NM00503A-NTSC-U-Platinum.jpg,Dead To Rights - NTSC - U - PLATINUM.jpg,RENOMEADO
NM00503A.jpg,Dead To Rights (3).jpg,RENOMEADO
NM00601A.jpg,Pac-Man World 2.jpg,RENOMEADO
NM00701A.jpg,NamcoMuseum.jpg,RENOMEADO
NM00801E.jpg,R RACING.jpg,RENOMEADO
NM00802A.jpg,RRACING EVOLUTION.jpg,RENOMEADO
NM00804J.jpg,RRACING EVOLUTION (2).jpg,RENOMEADO
NM00901E.jpg,BREAKDOWN.jpg,RENOMEADO
NM00902J.jpg,BREAKDOWN (2).jpg,RENOMEADO
NM00903A.jpg,BREAKDOWN (3).jpg,RENOMEADO
NM01101A.jpg,kill.switch.jpg,RENOMEADO
NM01201A.jpg,Spawn Armageddon.jpg,RENOMEADO
NM01202E.jpg,Spawn® Armageddon.jpg,RENOMEADO
NM01501A.jpg,I-Ninja.jpg,RENOMEADO
NM01901A.jpg,Street Racing Syndicate.jpg,RENOMEADO
NM01902E.jpg,Street Racing Syndicate (2).jpg,RENOMEADO
NM02101A-NTSC-UC.jpg,Dead To Rights 2 - NTSC - UC.jpg,RENOMEADO
NM02101A.jpg,Dead To Rights 2.jpg,RENOMEADO
NM02102E.jpg,Dead To Rights 2 (2).jpg,RENOMEADO
NM02201A.jpg,Namco Museum 50th Anniversary.jpg,RENOMEADO
NM02301A.jpg,Pac-Man World™ 3.jpg,RENOMEADO
NM02501A.jpg,Curious George.jpg,RENOMEADO
OX00102E.jpg,Conspiracy WoMD.jpg,RENOMEADO
OX00201E.jpg,Pilot Down.jpg,RENOMEADO
OX00401L.jpg,ProStroke Golf.jpg,RENOMEADO
PC00101L.jpg,Xyanide.jpg,RENOMEADO
PL00104E.jpg,phantomcrash (2).jpg,RENOMEADO
PL00105A.jpg,phantomcrash (3).jpg,RENOMEADO
PL00207K.jpg,Kingdom Under Fire The Crusaders.jpg,RENOMEADO
PL00401E.jpg,Kingdom Under Fire The Crusaders (2).jpg,RENOMEADO
PL00501J.jpg,Kingdom Under Fire The Crusaders (3).jpg,RENOMEADO
PL00601W.jpg,Kingdom Under Fire Heroes.jpg,RENOMEADO
RA00301E-PAL-DEU.jpg,David Beckham Soccer - PAL - DEU.jpg,RENOMEADO
RA00301E.jpg,David Beckham Soccer.jpg,RENOMEADO
RA00602E-PAL-DEU.jpg,Crash - PAL - DEU.jpg,RENOMEADO
RA00602E-PAL-FRA.jpg,Crash - PAL - FRA.jpg,RENOMEADO
RA00602E.jpg,Crash.jpg,RENOMEADO
RA00703E.jpg,Rocky.jpg,RENOMEADO
RA00801E.jpg,Gun Metal (2).jpg,RENOMEADO
RD00102A.jpg,Yourself!Fitness.jpg,RENOMEADO
SA00202J.jpg,GUILTYGEAR XX #RELOAD.jpg,RENOMEADO
SA00203A.jpg,GuiltyGearX2#RELOAD.jpg,RENOMEADO
SA00301W.jpg,Iron Phoenix.jpg,RENOMEADO
SA00601E.jpg,GuiltyGearX2#RELOAD (2).jpg,RENOMEADO
SC00102E-PAL-DEU.jpg,Conflict Desert Storm - PAL - DEU.jpg,RENOMEADO
SC00102E-PAL-GBR-Classics.jpg,Conflict Desert Storm - PAL - GBR - CLASSICS.jpg,RENOMEADO
SC00102E.jpg,Conflict Desert Storm.jpg,RENOMEADO
SC00301E-PAL-DEU.jpg,The Great Escape - PAL - DEU.jpg,RENOMEADO
SC00301E-PAL-ESP.jpg,The Great Escape - PAL - ESP.jpg,RENOMEADO
SC00301E-PAL-FRA.jpg,The Great Escape - PAL - FRA.jpg,RENOMEADO
SC00301E.jpg,The Great Escape.jpg,RENOMEADO
SC00303A.jpg,The Great Escape (2).jpg,RENOMEADO
SC00501E.jpg,Richard Burns Rally.jpg,RENOMEADO
SC00601E-PAL-AUS.jpg,CDS II - PAL - AUS.jpg,RENOMEADO
SC00601E-PAL-DEU.jpg,CDS II - PAL - DEU.jpg,RENOMEADO
SC00601E-PAL-FRA.jpg,CDS II - PAL - FRA.jpg,RENOMEADO
SC00601E.jpg,CDS II.jpg,RENOMEADO
SC00602A.jpg,CDS II (2).jpg,RENOMEADO
SC00702E.jpg,Rolling.jpg,RENOMEADO
SC01001E.jpg,ConflictVietnam.jpg,RENOMEADO
SC01002A.jpg,ConflictVietnam (2).jpg,RENOMEADO
SC01101E.jpg,Galleon (2).jpg,RENOMEADO
SC01203E-PAL-DEU.jpg,Conflict Global - PAL - DEU.jpg,RENOMEADO
SC01203E.jpg,Conflict Global.jpg,RENOMEADO
SC01204A.jpg,Conflict Global (2).jpg,RENOMEADO
SC01401W.jpg,Rogue Trooper.jpg,RENOMEADO
SC01501E.jpg,Constantine.jpg,RENOMEADO
SC01502K.jpg,Constantine (2).jpg,RENOMEADO
SC01504J.jpg,Constantine (3).jpg,RENOMEADO
SC01601W.jpg,Total Overdose.jpg,RENOMEADO
SC24701W.jpg,Urban Chaos.jpg,RENOMEADO
SC24901W-PAL-GBR.jpg,Commandos SF - PAL - GBR.jpg,RENOMEADO
SC24901W.jpg,Commandos SF.jpg,RENOMEADO
SC25001W.jpg,Hitman Blood Money.jpg,RENOMEADO
SC25003E.jpg,Hitman Blood Money (2).jpg,RENOMEADO
SC25101W-PAL-GBR.jpg,Just Cause - PAL - GBR.jpg,RENOMEADO
SC25101W.jpg,Just Cause.jpg,RENOMEADO
SC25302W.jpg,Tomb Raider Legend.jpg,RENOMEADO
SC25501E.jpg,Reservoir Dogs.jpg,RENOMEADO
SC25502A.jpg,Reservoir Dogs (2).jpg,RENOMEADO
SC25601E.jpg,Championship Manager 2006.jpg,RENOMEADO
SE00201A.jpg,NBA2K2.jpg,RENOMEADO
SE00302J.jpg,segaGT 2002 (2).jpg,RENOMEADO
SE00304A.jpg,segaGT 2002 (3).jpg,RENOMEADO
SE00401A.jpg,CRAZY TAXI 3 High Roller.jpg,RENOMEADO
SE00402J.jpg,CRAZY TAXI 3 High Roller (2).jpg,RENOMEADO
SE00601A.jpg,NFL2K2.jpg,RENOMEADO
SE00701A.jpg,Panzer Dragoon ORTA (2).jpg,RENOMEADO
SE00702J.jpg,Panzer Dragoon ORTA (3).jpg,RENOMEADO
SE00802J.jpg,House of the Dead 3.jpg,RENOMEADO
SE00803A.jpg,House of the Dead 3 (2).jpg,RENOMEADO
SE00805E.jpg,House of the Dead 3 (3).jpg,RENOMEADO
SE01001A.jpg,Jet Set Radio Future (2).jpg,RENOMEADO
SE01003J.jpg,Jet Set Radio Future (3).jpg,RENOMEADO
SE01101A.jpg,GUNVALKYRIE (2).jpg,RENOMEADO
SE01103J.jpg,GUNVALKYRIE (3).jpg,RENOMEADO
SE01401A.jpg,,NAO IDENTIFICADO
SE01502A.jpg,ToeJam & Earl III.jpg,RENOMEADO
SE01504E.jpg,ToeJam & Earl III (2).jpg,RENOMEADO
SE01601A.jpg,NCAA2K3.jpg,RENOMEADO
SE01701A.jpg,NFL2K3.jpg,RENOMEADO
SE01901A.jpg,NBA2K3.jpg,RENOMEADO
SE02001A.jpg,Sega Soccer Slam (2).jpg,RENOMEADO
SE02301A.jpg,NHL2K3.jpg,RENOMEADO
SE02401A.jpg,NCAA CB 2K3.jpg,RENOMEADO
SE02601A.jpg,WSB 2K3.jpg,RENOMEADO
SE02902J.jpg,RENT A HERO No.1.jpg,RENOMEADO
SE03002E.jpg,NBA2K3 (2).jpg,RENOMEADO
SE03102E.jpg,NFL2K3 (2).jpg,RENOMEADO
SE03201E-PAL-DEU.jpg,NHL2K3 - PAL - DEU.jpg,RENOMEADO
SE03201E-PAL-FRA.jpg,NHL2K3 - PAL - FRA.jpg,RENOMEADO
SE03201E.jpg,NHL2K3 (2).jpg,RENOMEADO
SE03305E.jpg,segaGTOnline.jpg,RENOMEADO
SE03306J.jpg,segaGTOnline (2).jpg,RENOMEADO
SE03308A.jpg,segaGTOnline (3).jpg,RENOMEADO
SE03401A.jpg,ESPN NFL FOOTBALL.jpg,RENOMEADO
SE03502A.jpg,ESPN NBA BASKETBALL.jpg,RENOMEADO
SE03601A.jpg,ESPN College Hoops.jpg,RENOMEADO
SE03701L-PAL-DEU.jpg,Headhunter Redemption - PAL - DEU.jpg,RENOMEADO
SE03701L-PAL-GBR.jpg,Headhunter Redemption - PAL - GBR.jpg,RENOMEADO
SE03701L.jpg,Headhunter Redemption.jpg,RENOMEADO
SE03801A.jpg,ESPN NHL Hockey.jpg,RENOMEADO
SE03901J.jpg,Puyo Pop Fever.jpg,RENOMEADO
SE03902E.jpg,Puyo Pop Fever (2).jpg,RENOMEADO
SE04001A.jpg,ESPN Major League Baseball.jpg,RENOMEADO
SE04101J.jpg,SPIKEOUT Battle Street.jpg,RENOMEADO
SE04102A.jpg,SPIKEOUT Battle Street (2).jpg,RENOMEADO
SE04103E.jpg,SPIKEOUT Battle Street (3).jpg,RENOMEADO
SE04202E-PAL-DEU.jpg,Worms 3D - PAL - DEU.jpg,RENOMEADO
SE04202E.jpg,Worms 3D.jpg,RENOMEADO
SE04205A.jpg,Worms 3D Special Edition.jpg,RENOMEADO
SE04301A.jpg,SONICHEROES.jpg,RENOMEADO
SE04303J.jpg,SONICHEROES (2).jpg,RENOMEADO
SE04304E.jpg,SONICHEROES (3).jpg,RENOMEADO
SE04401E-PAL-DEU.jpg,ESPN NFL FOOTBALL - PAL - DEU.jpg,RENOMEADO
SE04401E.jpg,ESPN NFL FOOTBALL (2).jpg,RENOMEADO
SE04501E-PAL-DEU.jpg,ESPN NHL Hockey - PAL - DEU.jpg,RENOMEADO
SE04501E-PAL-FRA.jpg,ESPN NHL Hockey - PAL - FRA.jpg,RENOMEADO
SE04501E.jpg,ESPN NHL Hockey (2).jpg,RENOMEADO
SE04601E-PAL-DEU.jpg,ESPN NBA BASKETBALL - PAL - DEU.jpg,RENOMEADO
SE04601E-PAL-FRA.jpg,ESPN NBA BASKETBALL - PAL - FRA.jpg,RENOMEADO
SE04601E.jpg,ESPN NBA BASKETBALL (2).jpg,RENOMEADO
SE04801A.jpg,ESPN NFL 2K5.jpg,RENOMEADO
SE04802E.jpg,ESPN NFL 2K5 (2).jpg,RENOMEADO
SE04902A.jpg,ESPN NBA 2K5.jpg,RENOMEADO
SE05001A-NTSC-UC.jpg,ESPN NHL 2K5 - NTSC - UC.jpg,RENOMEADO
SE05001A.jpg,ESPN NHL 2K5.jpg,RENOMEADO
SE05002E-PAL-AUS.jpg,ESPN NHL 2K5 - PAL - AUS.jpg,RENOMEADO
SE05002E-PAL-DEU.jpg,ESPN NHL 2K5 - PAL - DEU.jpg,RENOMEADO
SE05002E.jpg,ESPN NHL 2K5 (2).jpg,RENOMEADO
SE05102A.jpg,ESPN COLLEGE HOOPS 2K5.jpg,RENOMEADO
SE05301E-PAL-DEU.jpg,Worms Forts Under Siege - PAL - DEU.jpg,RENOMEADO
SE05301E.jpg,Worms Forts Under Siege.jpg,RENOMEADO
SE05303A.jpg,Worms Forts Under Siege (2).jpg,RENOMEADO
SE05401E.jpg,OutRun2.jpg,RENOMEADO
SE05402A.jpg,OutRun2 (2).jpg,RENOMEADO
SE05405J.jpg,OutRun2 (3).jpg,RENOMEADO
SE05501A.jpg,ESPN Major League Baseball 2K5.jpg,RENOMEADO
SE05601A.jpg,SuperMonkeyBallDX.jpg,RENOMEADO
SE05602E.jpg,SuperMonkeyBallDX (2).jpg,RENOMEADO
SE05603J.jpg,SuperMonkeyBallDX (3).jpg,RENOMEADO
SE06002W.jpg,SONIC MEGACOLLECTION PLUS.jpg,RENOMEADO
SE12801E-PAL-AUS.jpg,ESPN NBA 2K5 - PAL - AUS.jpg,RENOMEADO
SE12801E-PAL-DEU.jpg,ESPN NBA 2K5 - PAL - DEU.jpg,RENOMEADO
SE12801E.jpg,ESPN NBA 2K5 (2).jpg,RENOMEADO
SE12901E-PAL-DEU.jpg,World Snooker Championship 2005 - PAL - DEU.jpg,RENOMEADO
SE12901E.jpg,World Snooker Championship 2005.jpg,RENOMEADO
SE13203E-PAL-FRA.jpg,Spartan Total Warrior - PAL - FRA.jpg,RENOMEADO
SE13203E.jpg,Spartan Total Warrior.jpg,RENOMEADO
SE13406E.jpg,Shadow The Hedgehog.jpg,RENOMEADO
SE13407J.jpg,Shadow The Hedgehog (2).jpg,RENOMEADO
SE13409A.jpg,Shadow The Hedgehog (3).jpg,RENOMEADO
SE13509A.jpg,SONIC RIDERS.jpg,RENOMEADO
SE13510J.jpg,SONIC RIDERS (2).jpg,RENOMEADO
SE13511W.jpg,SONIC RIDERS (3).jpg,RENOMEADO
SE13601W.jpg,OutRun 2006 Coast 2 Coast.jpg,RENOMEADO
SE13901K.jpg,Spartan Total Warrior (2).jpg,RENOMEADO
SN00102K.jpg,SNK VS. CAPCOM SVC CHAOS.jpg,RENOMEADO
SN00103E.jpg,SNK VS. CAPCOM SVC CHAOS (2).jpg,RENOMEADO
SN00201K-NTSC-J.jpg,metal slug 3 - NTSC - J.jpg,RENOMEADO
SN00201K.jpg,metal slug 3 (2).jpg,RENOMEADO
SN00403W.jpg,Samurai ShoDown V.jpg,RENOMEADO
SN00501L.jpg,MetalSlug4.jpg,RENOMEADO
SN00502J.jpg,MetalSlug4 (2).jpg,RENOMEADO
SN00603J.jpg,THE KING OF FIGHTERS 2002.jpg,RENOMEADO
SN00704A.jpg,KOF MAXIMUM IMPACT MANIAX.jpg,RENOMEADO
SN00705J.jpg,KOF MAXIMUM IMPACT MANIAX (2).jpg,RENOMEADO
SN00802W-NTSC-U.jpg,MetalSlug5Xbox - NTSC - U.jpg,RENOMEADO
SN00802W.jpg,MetalSlug5Xbox.jpg,RENOMEADO
SN01003W-NTSC-J.jpg,THE KING OF FIGHTERS NEOWAVE - NTSC - J.jpg,RENOMEADO
SN01003W.jpg,THE KING OF FIGHTERS NEOWAVE.jpg,RENOMEADO
SP00101A.jpg,Combat Elite.jpg,RENOMEADO
SS00304A.jpg,Outlaw Volleyball.jpg,RENOMEADO
SS00305J.jpg,Outlaw Volleyball (2).jpg,RENOMEADO
SS00350A.jpg,Outlaw Volleyball (3).jpg,RENOMEADO
SS00550A.jpg,Xbox Demos.jpg,RENOMEADO
SS00605A.jpg,OUTLAW GOLF.jpg,RENOMEADO
SS00701E.jpg,Outlaw Volleyball (4).jpg,RENOMEADO
ST00101J.jpg,Zillernet.jpg,RENOMEADO
SU00101J.jpg,BistroCupid.jpg,RENOMEADO
SU00201J.jpg,中島哲也のｵｾﾛｾﾐﾅｰ.jpg,RENOMEADO
SU00301J.jpg,梅沢由香里の囲碁ｾﾐﾅｰ.jpg,RENOMEADO
SU00401J.jpg,米長邦雄の将棋ｾﾐﾅｰ.jpg,RENOMEADO
SU00501J.jpg,JunkoMj.jpg,RENOMEADO
SU00601J.jpg,Tetris Worlds.jpg,RENOMEADO
SU00701J.jpg,エンジェリック・コンサート.jpg,RENOMEADO
SU00801J-NTSC-J-Tokubetsuban.jpg,ビストロ・きゅーぴっと２ - NTSC - J - TOKUBETSUBAN.jpg,RENOMEADO
SU00801J.jpg,ビストロ・きゅーぴっと２.jpg,RENOMEADO
SU00901J.jpg,PSYVARIAR2 EXTEND EDITION.jpg,RENOMEADO
SW00101E.jpg,Enclave.jpg,RENOMEADO
SW00102E.jpg,Enclave (2).jpg,RENOMEADO
TA00101J.jpg,J Phoenix+.jpg,RENOMEADO
TC00101A-NTSC-U-Platinum.jpg,Dead or Alive 3 - NTSC - U - PLATINUM.jpg,RENOMEADO
TC00101A.jpg,Dead or Alive 3 (2).jpg,RENOMEADO
TC00102J.jpg,Dead or Alive 3 (3).jpg,RENOMEADO
TC00304K-NTSC-J.jpg,NINJA GAIDEN - NTSC - J.jpg,RENOMEADO
TC00304K-NTSC-JK.jpg,NINJA GAIDEN - NTSC - JK.jpg,RENOMEADO
TC00304K.jpg,NINJA GAIDEN.jpg,RENOMEADO
TC00305E-PAL-AUS.jpg,NINJA GAIDEN - PAL - AUS.jpg,RENOMEADO
TC00305E-PAL-DEU.jpg,NINJA GAIDEN - PAL - DEU.jpg,RENOMEADO
TC00305E-PAL-ESP.jpg,NINJA GAIDEN - PAL - ESP.jpg,RENOMEADO
TC00305E.jpg,NINJA GAIDEN (2).jpg,RENOMEADO
TC00402J.jpg,FATAL FRAME.jpg,RENOMEADO
TC00404A.jpg,FATAL FRAME (2).jpg,RENOMEADO
TC00605K.jpg,DEAD OR ALIVE ULTIMATE.jpg,RENOMEADO
TC00606K.jpg,DEAD OR ALIVE ULTIMATE (2).jpg,RENOMEADO
TC00609E.jpg,DEAD OR ALIVE ULTIMATE (3).jpg,RENOMEADO
TC00610E.jpg,DEAD OR ALIVE ULTIMATE (4).jpg,RENOMEADO
TC00706A.jpg,Dead or Alive XtremeBeachVolleyBall.jpg,RENOMEADO
TC00707J.jpg,Dead or Alive XtremeBeachVolleyBall (2).jpg,RENOMEADO
TC00710E.jpg,Dead or Alive XtremeBeachVolleyBall (3).jpg,RENOMEADO
TC00903K-NTSC-J.jpg,GUNGRIFFON Allied Strike - NTSC - J.jpg,RENOMEADO
TC00903K.jpg,GUNGRIFFON Allied Strike.jpg,RENOMEADO
TC01005K.jpg,Fatal Frame 2.jpg,RENOMEADO
TC01006J.jpg,Fatal Frame 2 (2).jpg,RENOMEADO
TC01201E.jpg,GUNGRIFFON Allied Strike (2).jpg,RENOMEADO
TC01304J-NTSC-JK.jpg,NINJA GAIDEN Black - NTSC - JK.jpg,RENOMEADO
TC01304J.jpg,NINJA GAIDEN Black.jpg,RENOMEADO
TC01305A.jpg,NINJA GAIDEN Black (2).jpg,RENOMEADO
TC01401K.jpg,TECMO CLASSIC ARCADE.jpg,RENOMEADO
TC01402E.jpg,TECMO CLASSIC ARCADE (2).jpg,RENOMEADO
TD00601A.jpg,High Heat MLB 2004.jpg,RENOMEADO
TK00102J.jpg,マジデスファイト！.jpg,RENOMEADO
TK00402J.jpg,Plus Plumb 2.jpg,RENOMEADO
TM00101A.jpg,Shrek.jpg,RENOMEADO
TM00102E-PAL-DEU.jpg,Shrek - PAL - DEU.jpg,RENOMEADO
TM00102E.jpg,Shrek (2).jpg,RENOMEADO
TM00201A.jpg,Robotech Battlecry.jpg,RENOMEADO
TM00202E.jpg,Robotech Battlecry (2).jpg,RENOMEADO
TM00301A.jpg,Aquaman Battle for Atlantis.jpg,RENOMEADO
TM00401A.jpg,Shrek Super Party.jpg,RENOMEADO
TM00403E-PAL-DEU.jpg,Shrek Super Party - PAL - DEU.jpg,RENOMEADO
TM00403E.jpg,Shrek Super Party (2).jpg,RENOMEADO
TM00502A.jpg,World Racing.jpg,RENOMEADO
TM00505E-PAL-DEU.jpg,World Racing - PAL - DEU.jpg,RENOMEADO
TM00505E.jpg,World Racing (2).jpg,RENOMEADO
TM00601E.jpg,OUTLAW GOLF (2).jpg,RENOMEADO
TM00603E.jpg,OUTLAW GOLF (3).jpg,RENOMEADO
TM00701E-PAL-FRA.jpg,Knights of the Temple - PAL - FRA.jpg,RENOMEADO
TM00701E.jpg,Knights of the Temple.jpg,RENOMEADO
TM00801E.jpg,Conan.jpg,RENOMEADO
TM00901E-PAL-FRA-ESP-ITA.jpg,Seablade - PAL - FRA - ESP - ITA.jpg,RENOMEADO
TM00901E.jpg,Seablade.jpg,RENOMEADO
TM01001A.jpg,UFC TAPOUT2.jpg,RENOMEADO
TM01101A.jpg,Corvette.jpg,RENOMEADO
TM01301A.jpg,Haunted Mansion.jpg,RENOMEADO
TM01302E.jpg,Haunted Mansion (2).jpg,RENOMEADO
TM01303E-PAL-FRA.jpg,Haunted Mansion - PAL - FRA.jpg,RENOMEADO
TM01303E.jpg,Haunted Mansion (3).jpg,RENOMEADO
TM01501E-PAL-FRA.jpg,Dinotopia The Sunstone Odyssey - PAL - FRA.jpg,RENOMEADO
TM01501E.jpg,Dinotopia The Sunstone Odyssey.jpg,RENOMEADO
TM01502A.jpg,Dinotopia The Sunstone Odyssey (2).jpg,RENOMEADO
TM01601A.jpg,Star Trek Shattered Universe.jpg,RENOMEADO
TM01602E.jpg,Star Trek Shattered Universe (2).jpg,RENOMEADO
TM01701W.jpg,Gene Troopers.jpg,RENOMEADO
TM01801W-PAL-DEU.jpg,World Racing 2 - PAL - DEU.jpg,RENOMEADO
TM01801W.jpg,World Racing 2.jpg,RENOMEADO
TM01901W-PAL-ESP.jpg,KOTT2 - PAL - ESP.jpg,RENOMEADO
TM01901W.jpg,KOTT2.jpg,RENOMEADO
TQ00101A.jpg,New Legends.jpg,RENOMEADO
TQ00102E-PAL-DEU.jpg,New Legends - PAL - DEU.jpg,RENOMEADO
TQ00102E.jpg,New Legends (2).jpg,RENOMEADO
TQ00103E.jpg,New Legends (3).jpg,RENOMEADO
TQ00201A.jpg,RAW (2).jpg,RENOMEADO
TQ00202E.jpg,RAW (3).jpg,RENOMEADO
TQ00301A.jpg,MX 2002 with Ricky Carmichael.jpg,RENOMEADO
TQ00401A.jpg,Dark Summit.jpg,RENOMEADO
TQ00402E-PAL-DEU.jpg,Dark Summit - PAL - DEU.jpg,RENOMEADO
TQ00402E-PAL-ESP.jpg,Dark Summit - PAL - ESP.jpg,RENOMEADO
TQ00402E-PAL-FRA.jpg,Dark Summit - PAL - FRA.jpg,RENOMEADO
TQ00402E.jpg,Dark Summit (2).jpg,RENOMEADO
TQ00501A.jpg,Red Faction® II.jpg,RENOMEADO
TQ00502E-PAL-DEU.jpg,Red Faction® II - PAL - DEU.jpg,RENOMEADO
TQ00502E-PAL-FRA.jpg,Red Faction® II - PAL - FRA.jpg,RENOMEADO
TQ00502E.jpg,Red Faction® II (2).jpg,RENOMEADO
TQ00603E-PAL-AUS.jpg,Yager - PAL - AUS.jpg,RENOMEADO
TQ00603E-PAL-DEU.jpg,Yager - PAL - DEU.jpg,RENOMEADO
TQ00603E-PAL-FRA.jpg,Yager - PAL - FRA.jpg,RENOMEADO
TQ00603E.jpg,Yager (2).jpg,RENOMEADO
TQ00701A.jpg,Toxic Grind.jpg,RENOMEADO
TQ00702E.jpg,Toxic Grind (2).jpg,RENOMEADO
TQ00801A.jpg,MotoGP.jpg,RENOMEADO
TQ00902E.jpg,FILA World Tour Tennis.jpg,RENOMEADO
TQ01001A.jpg,Tetris Worlds (2).jpg,RENOMEADO
TQ01002E.jpg,Tetris Worlds (3).jpg,RENOMEADO
TQ01102E.jpg,Evil Dead A Fistful Of Boomstick.jpg,RENOMEADO
TQ01103L-PAL-GBR.jpg,Evil Dead A Fistful Of Boomstick - PAL - GBR.jpg,RENOMEADO
TQ01103L.jpg,Evil Dead A Fistful Of Boomstick (2).jpg,RENOMEADO
TQ01201E.jpg,CircusMaximus (2).jpg,RENOMEADO
TQ01301A.jpg,WWE RAW2.jpg,RENOMEADO
TQ01302E-PAL-AUS.jpg,WWE RAW2 - PAL - AUS.jpg,RENOMEADO
TQ01302E-PAL-DEU.jpg,WWE RAW2 - PAL - DEU.jpg,RENOMEADO
TQ01302E.jpg,WWE RAW2 (2).jpg,RENOMEADO
TQ01303J.jpg,WWE RAW2 (3).jpg,RENOMEADO
TQ01402W-PAL-DEU.jpg,Scooby-Doo!™ Mystery Mayhem - PAL - DEU.jpg,RENOMEADO
TQ01402W-PAL-FRA.jpg,Scooby-Doo!™ Mystery Mayhem - PAL - FRA.jpg,RENOMEADO
TQ01402W-PAL-ITA-ESP.jpg,Scooby-Doo!™ Mystery Mayhem - PAL - ITA - ESP.jpg,RENOMEADO
TQ01402W.jpg,Scooby-Doo!™ Mystery Mayhem.jpg,RENOMEADO
TQ01501A.jpg,Alter Echo.jpg,RENOMEADO
TQ01502E-PAL-AUS.jpg,Alter Echo - PAL - AUS.jpg,RENOMEADO
TQ01502E.jpg,Alter Echo (2).jpg,RENOMEADO
TQ01503E-PAL-FRA.jpg,Alter Echo - PAL - FRA.jpg,RENOMEADO
TQ01503E.jpg,Alter Echo (3).jpg,RENOMEADO
TQ01601A.jpg,MX Superfly featuring Ricky Carmichael.jpg,RENOMEADO
TQ01602E-PAL-DEU.jpg,MX Superfly featuring Ricky Carmichael - PAL - DEU.jpg,RENOMEADO
TQ01602E-PAL-FRA.jpg,MX Superfly featuring Ricky Carmichael - PAL - FRA.jpg,RENOMEADO
TQ01602E.jpg,MX Superfly featuring Ricky Carmichael (2).jpg,RENOMEADO
TQ01901E-PAL-AUS.jpg,MetalDungeon - PAL - AUS.jpg,RENOMEADO
TQ01901E-PAL-ESP.jpg,MetalDungeon - PAL - ESP.jpg,RENOMEADO
TQ01901E.jpg,MetalDungeon (3).jpg,RENOMEADO
TQ02203J.jpg,MotoGP 2.jpg,RENOMEADO
TQ02204E.jpg,MotoGP 2 (2).jpg,RENOMEADO
TQ02206A.jpg,MotoGP 2 (3).jpg,RENOMEADO
TQ02401K.jpg,The Punisher.jpg,RENOMEADO
TQ02402E.jpg,The Punisher (2).jpg,RENOMEADO
TQ02403E.jpg,The Punisher (3).jpg,RENOMEADO
TQ02404E.jpg,The Punisher (4).jpg,RENOMEADO
TQ02601A.jpg,SpongeBob SquarePants.jpg,RENOMEADO
TQ02602E.jpg,SpongeBob SquarePants (2).jpg,RENOMEADO
TQ02830A.jpg,Tetris Worlds Live.jpg,RENOMEADO
TQ02833E.jpg,Tetris Worlds Live (2).jpg,RENOMEADO
TQ02903E.jpg,Broken Sword - The Sleeping Dragon.jpg,RENOMEADO
TQ02905A.jpg,Broken Sword - The Sleeping Dragon (2).jpg,RENOMEADO
TQ03001A.jpg,Finding Nemo.jpg,RENOMEADO
TQ03005E-PAL-FRA.jpg,Finding Nemo - PAL - FRA.jpg,RENOMEADO
TQ03005E.jpg,Finding Nemo (2).jpg,RENOMEADO
TQ03101A.jpg,Scooby-Doo! Night of 100 Frights.jpg,RENOMEADO
TQ03201A.jpg,Fairly OddParents.jpg,RENOMEADO
TQ03301K.jpg,MX Unleashed.jpg,RENOMEADO
TQ03302E.jpg,MX Unleashed (2).jpg,RENOMEADO
TQ03401K.jpg,Full Spectrum Warrior.jpg,RENOMEADO
TQ03404E.jpg,Full Spectrum Warrior (2).jpg,RENOMEADO
TQ03405E.jpg,Full Spectrum Warrior (3).jpg,RENOMEADO
TQ03407J.jpg,Full Spectrum Warrior (4).jpg,RENOMEADO
TQ03501K.jpg,Sphinx.jpg,RENOMEADO
TQ03504E-PAL-DEU.jpg,Sphinx - PAL - DEU.jpg,RENOMEADO
TQ03504E-PAL-FRA.jpg,Sphinx - PAL - FRA.jpg,RENOMEADO
TQ03504E.jpg,Sphinx (2).jpg,RENOMEADO
TQ03602K.jpg,WWE Wrestlemania XXI.jpg,RENOMEADO
TQ03603K.jpg,WWE Wrestlemania XXI (2).jpg,RENOMEADO
TQ03701K-NTSC-UC.jpg,Evil Dead Regeneration - NTSC - UC.jpg,RENOMEADO
TQ03701K.jpg,Evil Dead Regeneration.jpg,RENOMEADO
TQ03801K.jpg,Destroy All Humans!.jpg,RENOMEADO
TQ03802E.jpg,Destroy All Humans! (2).jpg,RENOMEADO
TQ03804E.jpg,Destroy All Humans! (3).jpg,RENOMEADO
TQ03901K.jpg,The SpongeBob SquarePants Movie.jpg,RENOMEADO
TQ03904E.jpg,The SpongeBob SquarePants Movie (2).jpg,RENOMEADO
TQ04001K.jpg,,NAO IDENTIFICADO
TQ04005E.jpg,,NAO IDENTIFICADO
TQ04008J.jpg,,NAO IDENTIFICADO
TQ04010E.jpg,,NAO IDENTIFICADO
TQ13604W.jpg,MotoGP 3.jpg,RENOMEADO
TQ13703K.jpg,Hot Wheels Stunt Track Challenge.jpg,RENOMEADO
TQ13704E.jpg,Hot Wheels Stunt Track Challenge (2).jpg,RENOMEADO
TQ13901K.jpg,Tak 2 The Staff Of Dreams.jpg,RENOMEADO
TQ23701K.jpg,MX vs ATV Unleashed.jpg,RENOMEADO
TQ23901W.jpg,Juiced.jpg,RENOMEADO
TQ24201K.jpg,Cars.jpg,RENOMEADO
TQ24202E.jpg,Cars (2).jpg,RENOMEADO
TQ24204E.jpg,Cars (3).jpg,RENOMEADO
TQ24401K.jpg,Tak The Great Juju Challenge.jpg,RENOMEADO
TQ24402E.jpg,Tak The Great Juju Challenge (2).jpg,RENOMEADO
TQ24403E.jpg,Tak The Great Juju Challenge (3).jpg,RENOMEADO
TQ24502E.jpg,AFL Live Premiership Edition (2).jpg,RENOMEADO
TQ24601K.jpg,The Incredibles Rise of the Underminer.jpg,RENOMEADO
TQ24602E-PAL-AUS.jpg,The Incredibles Rise of the Underminer - PAL - AUS.jpg,RENOMEADO
TQ24602E-PAL-DEU.jpg,The Incredibles Rise of the Underminer - PAL - DEU.jpg,RENOMEADO
TQ24602E.jpg,The Incredibles Rise of the Underminer (2).jpg,RENOMEADO
TQ24701W-PAL-AUS.jpg,Scooby-Doo!™ Unmasked - PAL - AUS.jpg,RENOMEADO
TQ24701W-PAL-GBR.jpg,Scooby-Doo!™ Unmasked - PAL - GBR.jpg,RENOMEADO
TQ24701W.jpg,Scooby-Doo!™ Unmasked.jpg,RENOMEADO
TQ24801K.jpg,Full Spectrum Warrior Ten Hammers.jpg,RENOMEADO
TQ24802E.jpg,Full Spectrum Warrior Ten Hammers (2).jpg,RENOMEADO
TQ24901E-PAL-AUS.jpg,WWE Wrestlemania XXI - PAL - AUS.jpg,RENOMEADO
TQ24901E.jpg,WWE Wrestlemania XXI (3).jpg,RENOMEADO
TQ25001K.jpg,"SpongeBob SquarePants Lights, Camera, P.jpg",RENOMEADO
TQ25003E.jpg,Bob L'éponge Silence on tourne!.jpg,RENOMEADO
TQ25701E.jpg,AFL Premiership.jpg,RENOMEADO
TQ26101K.jpg,Avatar – The Last Airbender.jpg,RENOMEADO
TQ26201W-PAL-GBR.jpg,Destroy All Humans! 2 - PAL - GBR.jpg,RENOMEADO
TQ26201W.jpg,Destroy All Humans! 2.jpg,RENOMEADO
TQ26501A.jpg,Ratatouille.jpg,RENOMEADO
TS00202E.jpg,Barbarian.jpg,RENOMEADO
TS00503E.jpg,Robocop.jpg,RENOMEADO
TS00504A.jpg,Robocop (2).jpg,RENOMEADO
TT00101A.jpg,4X4 EVO 2.jpg,RENOMEADO
TT00102E-PAL-DEU.jpg,4X4 EVO 2 - PAL - DEU.jpg,RENOMEADO
TT00102E-PAL-ITA.jpg,4X4 EVO 2 - PAL - ITA.jpg,RENOMEADO
TT00102E.jpg,4X4 EVO 2 (2).jpg,RENOMEADO
TT00301A.jpg,Max Payne.jpg,RENOMEADO
TT00302E.jpg,Max Payne (2).jpg,RENOMEADO
TT00401A.jpg,Serious Sam.jpg,RENOMEADO
TT00402E.jpg,Serious Sam (2).jpg,RENOMEADO
TT00501A-NTSC-U-Platinum.jpg,Conflict Desert Storm - NTSC - U - PLATINUM.jpg,RENOMEADO
TT00501A.jpg,Conflict Desert Storm (2).jpg,RENOMEADO
TT00601A.jpg,State of Emergency.jpg,RENOMEADO
TT00603E.jpg,State of Emergency (2).jpg,RENOMEADO
TT00802E-PAL-DEU.jpg,Midnight Club 2 - PAL - DEU.jpg,RENOMEADO
TT00802E.jpg,Midnight Club 2.jpg,RENOMEADO
TT00803A.jpg,Midnight Club 2 (2).jpg,RENOMEADO
TT00902A.jpg,Mafia.jpg,RENOMEADO
TT00903E.jpg,Mafia (2).jpg,RENOMEADO
TT00904E.jpg,Mafia (3).jpg,RENOMEADO
TT00907E.jpg,Mafia (4).jpg,RENOMEADO
TT01002W.jpg,Vietcong Purple Haze.jpg,RENOMEADO
TT01102E-PAL-DEU.jpg,Celebrity Deathmatch - PAL - DEU.jpg,RENOMEADO
TT01102E.jpg,Celebrity Deathmatch.jpg,RENOMEADO
TT01105A.jpg,Celebrity Deathmatch (2).jpg,RENOMEADO
TT01201A.jpg,Max Payne 2.jpg,RENOMEADO
TT01202E.jpg,Max Payne 2 (2).jpg,RENOMEADO
TT01204E-PAL-FRA.jpg,Max Payne 2 - PAL - FRA.jpg,RENOMEADO
TT01204E.jpg,Max Payne 2 (3).jpg,RENOMEADO
TT01302L.jpg,Serious Sam 2.jpg,RENOMEADO
TT01603L.jpg,Carve.jpg,RENOMEADO
TT01701A.jpg,Pure Pinball.jpg,RENOMEADO
TT01801E-PAL-AUS.jpg,Close Combat First to Fight - PAL - AUS.jpg,RENOMEADO
TT01801E.jpg,Close Combat First to Fight.jpg,RENOMEADO
TT01802A.jpg,Close Combat First to Fight (2).jpg,RENOMEADO
TT02001A.jpg,Army Men® Sarge's War™.jpg,RENOMEADO
TT02101L.jpg,Motocross Mania 3.jpg,RENOMEADO
TT02201L.jpg,Virtual Pool Tournament Edition.jpg,RENOMEADO
TT02301A.jpg,Outlaw Golf 2.jpg,RENOMEADO
TT02302E-PAL-DEU.jpg,Outlaw Golf 2 - PAL - DEU.jpg,RENOMEADO
TT02302E-PAL-FRA.jpg,Outlaw Golf 2 - PAL - FRA.jpg,RENOMEADO
TT02302E.jpg,Outlaw Golf 2 (2).jpg,RENOMEADO
TT02402A.jpg,Wings of War.jpg,RENOMEADO
TT02403E-PAL-DEU.jpg,Wings of War - PAL - DEU.jpg,RENOMEADO
TT02403E.jpg,Wings of War (2).jpg,RENOMEADO
TT02502E.jpg,Manhunt.jpg,RENOMEADO
TT02503A.jpg,Manhunt (2).jpg,RENOMEADO
TT02601A.jpg,Red Dead Revolver.jpg,RENOMEADO
TT02603E.jpg,Red Dead Revolver (2).jpg,RENOMEADO
TT02604J.jpg,Red Dead Revolver (3).jpg,RENOMEADO
TT02701A.jpg,Robotech Invasion.jpg,RENOMEADO
TT11504A.jpg,Grand Theft Auto Vice City.jpg,RENOMEADO
TT11505E.jpg,Grand Theft Auto Vice City (2).jpg,RENOMEADO
TT11801E-PAL-DEU.jpg,Outlaw Tennis - PAL - DEU.jpg,RENOMEADO
TT11801E.jpg,Outlaw Tennis.jpg,RENOMEADO
TT11802A.jpg,Outlaw Tennis (2).jpg,RENOMEADO
TT11902A.jpg,Ford Mustang.jpg,RENOMEADO
TT12101A.jpg,Midnight Club 3 DUB edition.jpg,RENOMEADO
TT12102E.jpg,Midnight Club 3 DUB edition (2).jpg,RENOMEADO
TT12105A.jpg,Midnight Club 3 DUB edition (3).jpg,RENOMEADO
TT12106E.jpg,Midnight Club 3 DUB edition (4).jpg,RENOMEADO
TT12201L.jpg,Scaler.jpg,RENOMEADO
TT12301A.jpg,The Guy Game.jpg,RENOMEADO
TT12402A.jpg,Spy vs. Spy.jpg,RENOMEADO
TT12501W-PAL-GBR.jpg,Classified The Sentinel Crisis - PAL - GBR.jpg,RENOMEADO
TT12501W.jpg,Classified The Sentinel Crisis.jpg,RENOMEADO
TT12601E.jpg,Gotcha!.jpg,RENOMEADO
TT12901A.jpg,Charlie and the Chocolate Factory.jpg,RENOMEADO
TT13002A.jpg,GTA San Andreas.jpg,RENOMEADO
TT13101A.jpg,Shattered Union.jpg,RENOMEADO
TT13102E.jpg,Shattered Union (2).jpg,RENOMEADO
TT13201E.jpg,Spy vs. Spy (2).jpg,RENOMEADO
TT13403E.jpg,GTA San Andreas (2).jpg,RENOMEADO
TT13501A.jpg,World Poker Tour.jpg,RENOMEADO
TT13503E.jpg,World Poker Tour (2).jpg,RENOMEADO
TT13601W.jpg,Army Men Major Malfunction.jpg,RENOMEADO
TT13701A.jpg,Ford vs. Chevy.jpg,RENOMEADO
TT13801A.jpg,Codename Kids Next Door.jpg,RENOMEADO
TT14001A.jpg,Zathura.jpg,RENOMEADO
TT14101A-NTSC-UC.jpg,NHL 2K6 - NTSC - UC.jpg,RENOMEADO
TT14101A.jpg,NHL 2K6.jpg,RENOMEADO
TT14301W.jpg,Sid Meier's Pirates! ™.jpg,RENOMEADO
TT14401A.jpg,NBA 2K6.jpg,RENOMEADO
TT14501A.jpg,Hoops 2K6.jpg,RENOMEADO
TT14601A.jpg,MLB 2K6.jpg,RENOMEADO
TT14701W.jpg,Renegade Paintball.jpg,RENOMEADO
TT14901E.jpg,GTA San Andreas (3).jpg,RENOMEADO
TT15001A.jpg,Major League Baseball 2K5 WSE.jpg,RENOMEADO
TT15502E.jpg,The Warriors.jpg,RENOMEADO
TT15503A.jpg,The Warriors (2).jpg,RENOMEADO
TT15602A.jpg,Hummer.jpg,RENOMEADO
TT16101E.jpg,NBA 2K6 (2).jpg,RENOMEADO
TT16201E.jpg,NHL 2K6 (2).jpg,RENOMEADO
TT16301A.jpg,GTA San Andreas (4).jpg,RENOMEADO
TT16701E-PAL-AUS.jpg,Zathura - PAL - AUS.jpg,RENOMEADO
TT16701E.jpg,Zathura (2).jpg,RENOMEADO
TT16902W-PAL-GBR.jpg,Torino 2006 - PAL - GBR.jpg,RENOMEADO
TT16902W.jpg,Torino 2006.jpg,RENOMEADO
TT17102L.jpg,The Da Vinci Code.jpg,RENOMEADO
TT17301W-PAL-GBR.jpg,NHL 2K7 - PAL - GBR.jpg,RENOMEADO
TT17301W.jpg,NHL 2K7.jpg,RENOMEADO
TT17401W.jpg,NBA 2K7.jpg,RENOMEADO
TT17501A.jpg,Hoops 2K7.jpg,RENOMEADO
TT17601L.jpg,Family Guy.jpg,RENOMEADO
TT17701A.jpg,MLB 2K7.jpg,RENOMEADO
US00101A.jpg,BATMAN VENGEANCE.jpg,RENOMEADO
US00201K.jpg,Rayman 3.jpg,RENOMEADO
US00202E-PAL-DEU-ITA-ESP.jpg,Rayman 3 - PAL - DEU - ITA - ESP.jpg,RENOMEADO
US00202E.jpg,Rayman 3 (2).jpg,RENOMEADO
US00203J.jpg,Rayman 3 (3).jpg,RENOMEADO
US00302A.jpg,Rayman Arena.jpg,RENOMEADO
US00402E.jpg,Deathrow.jpg,RENOMEADO
US00403A.jpg,Deathrow (2).jpg,RENOMEADO
US00502W-NTSC-U-Platinum.jpg,Ghost Recon 2 - NTSC - U - PLATINUM.jpg,RENOMEADO
US00502W-PAL-AUS.jpg,Ghost Recon 2 - PAL - AUS.jpg,RENOMEADO
US00502W-PAL-GBR.jpg,Ghost Recon 2 - PAL - GBR.jpg,RENOMEADO
US00502W.jpg,Ghost Recon 2.jpg,RENOMEADO
US00601A-NTSC-U-Platinum.jpg,Ghost Recon - NTSC - U - PLATINUM.jpg,RENOMEADO
US00601A.jpg,Ghost Recon.jpg,RENOMEADO
US00602E.jpg,Ghost Recon (2).jpg,RENOMEADO
US00603E.jpg,Ghost Recon (3).jpg,RENOMEADO
US00605J.jpg,Ghost Recon (4).jpg,RENOMEADO
US00701K-NTSC-U-Platinum.jpg,GR Island Thunder - NTSC - U - PLATINUM.jpg,RENOMEADO
US00701K.jpg,GR Island Thunder.jpg,RENOMEADO
US00702E-PAL-DEU.jpg,GR Island Thunder - PAL - DEU.jpg,RENOMEADO
US00702E-PAL-FRA.jpg,GR Island Thunder - PAL - FRA.jpg,RENOMEADO
US00702E-PAL-GBR-Classics.jpg,GR Island Thunder - PAL - GBR - CLASSICS.jpg,RENOMEADO
US00702E.jpg,GR Island Thunder (2).jpg,RENOMEADO
US00705J.jpg,GR Island Thunder (3).jpg,RENOMEADO
US00801W.jpg,FarCry Instincts.jpg,RENOMEADO
US00804E.jpg,FarCry Instincts (2).jpg,RENOMEADO
US00903W-PAL-AUS.jpg,XIII - PAL - AUS.jpg,RENOMEADO
US00903W-PAL-DEU.jpg,XIII - PAL - DEU.jpg,RENOMEADO
US00903W-PAL-GBR.jpg,XIII - PAL - GBR.jpg,RENOMEADO
US00903W-PAL-ITA.jpg,XIII - PAL - ITA.jpg,RENOMEADO
US00903W.jpg,XIII.jpg,RENOMEADO
US01101E.jpg,LARGO WINCH.jpg,RENOMEADO
US01209A-NTSC-U-Platinum.jpg,Splinter Cell - NTSC - U - PLATINUM.jpg,RENOMEADO
US01209A.jpg,Splinter Cell.jpg,RENOMEADO
US01210E-PAL-DEU.jpg,Splinter Cell - PAL - DEU.jpg,RENOMEADO
US01210E-PAL-ESP.jpg,Splinter Cell - PAL - ESP.jpg,RENOMEADO
US01210E.jpg,Splinter Cell (2).jpg,RENOMEADO
US01701E.jpg,Myst III Exile (2).jpg,RENOMEADO
US01703A.jpg,Myst III Exile (3).jpg,RENOMEADO
US01801A.jpg,Dragon's Lair 3D.jpg,RENOMEADO
US01804E.jpg,Dragon's Lair 3D (2).jpg,RENOMEADO
US01901W-PAL-AUS.jpg,RainbowSix 3 - PAL - AUS.jpg,RENOMEADO
US01901W-PAL-DEU.jpg,RainbowSix 3 - PAL - DEU.jpg,RENOMEADO
US01901W-PAL-GBR.jpg,RainbowSix 3 - PAL - GBR.jpg,RENOMEADO
US01901W.jpg,RainbowSix 3.jpg,RENOMEADO
US01902E.jpg,RainbowSix 3 (2).jpg,RENOMEADO
US01904J.jpg,RainbowSix 3 (3).jpg,RENOMEADO
US02001A.jpg,Rocky (2).jpg,RENOMEADO
US02102E.jpg,Morrowind (2).jpg,RENOMEADO
US02201A.jpg,MURAKUMO.jpg,RENOMEADO
US02401E-PAL-AUS.jpg,Beyond Good & Evil - PAL - AUS.jpg,RENOMEADO
US02401E.jpg,Beyond Good & Evil.jpg,RENOMEADO
US02402K.jpg,Beyond Good & Evil (2).jpg,RENOMEADO
US02502W-PAL-AUS.jpg,Splinter Cell 2 - PAL - AUS.jpg,RENOMEADO
US02502W-PAL-DEU.jpg,Splinter Cell 2 - PAL - DEU.jpg,RENOMEADO
US02502W-PAL-ESP.jpg,Splinter Cell 2 - PAL - ESP.jpg,RENOMEADO
US02502W-PAL-GBR.jpg,Splinter Cell 2 - PAL - GBR.jpg,RENOMEADO
US02502W.jpg,Splinter Cell 2.jpg,RENOMEADO
US02504J.jpg,Splinter Cell 2 (2).jpg,RENOMEADO
US02801K.jpg,Batman Rise of Sin Tzu.jpg,RENOMEADO
US02802E-PAL-DEU.jpg,Batman Rise of Sin Tzu - PAL - DEU.jpg,RENOMEADO
US02802E-PAL-FRA.jpg,Batman Rise of Sin Tzu - PAL - FRA.jpg,RENOMEADO
US02802E.jpg,Batman Rise of Sin Tzu (2).jpg,RENOMEADO
US02901K.jpg,Prince of Persia The Sands of Time.jpg,RENOMEADO
US02902E-PAL-AUS.jpg,Prince of Persia The Sands of Time - PAL - AUS.jpg,RENOMEADO
US02902E-PAL-DEU.jpg,Prince of Persia The Sands of Time - PAL - DEU.jpg,RENOMEADO
US02902E.jpg,Prince of Persia The Sands of Time (2).jpg,RENOMEADO
US03201K.jpg,CROUCHING TIGER.jpg,RENOMEADO
US03202E-PAL-AUS.jpg,CROUCHING TIGER - PAL - AUS.jpg,RENOMEADO
US03202E.jpg,CROUCHING TIGER (2).jpg,RENOMEADO
US05202W-NTSC-J-World-Collection.jpg,Rocky Legends - NTSC - J - WORLD - COLLECTION.jpg,RENOMEADO
US05202W.jpg,Rocky Legends.jpg,RENOMEADO
US05401W-PAL-DEU.jpg,187 Ride or Die - PAL - DEU.jpg,RENOMEADO
US05401W-PAL-FRA.jpg,187 Ride or Die - PAL - FRA.jpg,RENOMEADO
US05401W-PAL-GBR.jpg,187 Ride or Die - PAL - GBR.jpg,RENOMEADO
US05401W.jpg,187 Ride or Die.jpg,RENOMEADO
US05501W.jpg,Rainbow Six 3 Black Arrow.jpg,RENOMEADO
US05503J.jpg,Rainbow Six 3 Black Arrow (2).jpg,RENOMEADO
US05602W-PAL-AUS.jpg,Splinter Cell-CT vs - PAL - AUS.jpg,RENOMEADO
US05602W-PAL-DEU.jpg,Splinter Cell-CT vs - PAL - DEU.jpg,RENOMEADO
US05602W-PAL-GBR.jpg,Splinter Cell-CT vs - PAL - GBR.jpg,RENOMEADO
US05602W.jpg,Splinter Cell-CT vs.jpg,RENOMEADO
US05603J.jpg,Splinter Cell-CT vs (2).jpg,RENOMEADO
US05701A.jpg,Chessmaster.jpg,RENOMEADO
US05802L.jpg,Dukes of Hazzard.jpg,RENOMEADO
US05901W.jpg,Prince of Persia WW.jpg,RENOMEADO
US05902J.jpg,Prince of Persia WW (2).jpg,RENOMEADO
US06001W-PAL-GBR.jpg,Brothers In Arms - PAL - GBR.jpg,RENOMEADO
US06001W.jpg,Brothers In Arms.jpg,RENOMEADO
US06002E.jpg,Brothers In Arms (2).jpg,RENOMEADO
US06102J.jpg,XIII (2).jpg,RENOMEADO
US06302W.jpg,CSI.jpg,RENOMEADO
US06401A.jpg,Tork.jpg,RENOMEADO
US06703A.jpg,America’s ArmyRoaS.jpg,RENOMEADO
US07202W-PAL-AUS.jpg,RainbowSix Lockdown - PAL - AUS.jpg,RENOMEADO
US07202W-PAL-GBR.jpg,RainbowSix Lockdown - PAL - GBR.jpg,RENOMEADO
US07202W.jpg,RainbowSix Lockdown.jpg,RENOMEADO
US07203J.jpg,RainbowSix Lockdown (2).jpg,RENOMEADO
US07301A.jpg,Monster 4x4 World Circuit.jpg,RENOMEADO
US07401W.jpg,Myst IV Revelation.jpg,RENOMEADO
US07501W-PAL-FRA.jpg,Cold Fear - PAL - FRA.jpg,RENOMEADO
US07501W-PAL-GBR.jpg,Cold Fear - PAL - GBR.jpg,RENOMEADO
US07501W.jpg,Cold Fear.jpg,RENOMEADO
US07602W-PAL-FRA.jpg,Peter Jackson's King Kong official Game - PAL - FRA.jpg,RENOMEADO
US07602W.jpg,Peter Jackson's King Kong official Game.jpg,RENOMEADO
US07701W-PAL-AUS.jpg,GR2 Summit Strike - PAL - AUS.jpg,RENOMEADO
US07701W-PAL-DEU.jpg,GR2 Summit Strike - PAL - DEU.jpg,RENOMEADO
US07701W-PAL-GBR.jpg,GR2 Summit Strike - PAL - GBR.jpg,RENOMEADO
US07701W.jpg,GR2 Summit Strike.jpg,RENOMEADO
US08402W-PAL-DEU.jpg,Ghost Recon Advanced Warfighter - PAL - DEU.jpg,RENOMEADO
US08402W-PAL-FRA.jpg,Ghost Recon Advanced Warfighter - PAL - FRA.jpg,RENOMEADO
US08402W-PAL-GBR.jpg,Ghost Recon Advanced Warfighter - PAL - GBR.jpg,RENOMEADO
US08402W.jpg,Ghost Recon Advanced Warfighter.jpg,RENOMEADO
US08602W-PAL-AUS.jpg,And 1 StreetBall - PAL - AUS.jpg,RENOMEADO
US08602W-PAL-DEU.jpg,And 1 StreetBall - PAL - DEU.jpg,RENOMEADO
US08602W-PAL-GBR.jpg,And 1 StreetBall - PAL - GBR.jpg,RENOMEADO
US08602W.jpg,And 1 StreetBall.jpg,RENOMEADO
US08702W.jpg,Blazing Angels SOWWII.jpg,RENOMEADO
US08801W-PAL-FRA.jpg,Prince of Persia T2T - PAL - FRA.jpg,RENOMEADO
US08801W.jpg,Prince of Persia T2T.jpg,RENOMEADO
US09001W.jpg,Earned In Blood.jpg,RENOMEADO
US09102J.jpg,Brothers In Arms (3).jpg,RENOMEADO
US09201E-PAL-DEU.jpg,Darkwatch - PAL - DEU.jpg,RENOMEADO
US09201E-PAL-FRA.jpg,Darkwatch - PAL - FRA.jpg,RENOMEADO
US09201E.jpg,Darkwatch (2).jpg,RENOMEADO
US09402W-PAL-FRA.jpg,Splinter Cell-DA - PAL - FRA.jpg,RENOMEADO
US09402W-PAL-GBR.jpg,Splinter Cell-DA - PAL - GBR.jpg,RENOMEADO
US09402W.jpg,Splinter Cell-DA.jpg,RENOMEADO
US09501W.jpg,Rainbow Six Critical Hour.jpg,RENOMEADO
US09603W.jpg,FarCry Instincts Evolution.jpg,RENOMEADO
US09701W.jpg,Open Season.jpg,RENOMEADO
VC00101J.jpg,Muzzle Flash.jpg,RENOMEADO
VN00601E-PAL-DEU.jpg,Baldur's Gate Dark Alliance - PAL - DEU.jpg,RENOMEADO
VN00601E.jpg,Baldur's Gate Dark Alliance.jpg,RENOMEADO
VU00301A.jpg,Crash Bandicoot tWoC.jpg,RENOMEADO
VU00403A.jpg,The Fellowship of the Ring.jpg,RENOMEADO
VU00501K-NTSC-J-World-Collection.jpg,Buffy Chaos Bleeds - NTSC - J - WORLD - COLLECTION.jpg,RENOMEADO
VU00501K.jpg,Buffy Chaos Bleeds.jpg,RENOMEADO
VU00502E.jpg,Buffy Chaos Bleeds (2).jpg,RENOMEADO
VU00701A.jpg,Hunter The Reckoning.jpg,RENOMEADO
VU00802A.jpg,Futurama (2).jpg,RENOMEADO
VU00902A.jpg,Antz Extreme Racing (2).jpg,RENOMEADO
VU01002E-PAL-FRA.jpg,Metal Arms - PAL - FRA.jpg,RENOMEADO
VU01002E.jpg,Metal Arms.jpg,RENOMEADO
VU01003K-NTSC-J.jpg,Metal Arms - NTSC - J.jpg,RENOMEADO
VU01003K.jpg,Metal Arms (2).jpg,RENOMEADO
VU01302A.jpg,The Thing.jpg,RENOMEADO
VU01401A.jpg,Enclave (3).jpg,RENOMEADO
VU01501K.jpg,Battlestar Galactica.jpg,RENOMEADO
VU01502E-PAL-AUS.jpg,Battlestar Galactica - PAL - AUS.jpg,RENOMEADO
VU01502E-PAL-DEU.jpg,Battlestar Galactica - PAL - DEU.jpg,RENOMEADO
VU01502E-PAL-FRA.jpg,Battlestar Galactica - PAL - FRA.jpg,RENOMEADO
VU01502E.jpg,Battlestar Galactica (2).jpg,RENOMEADO
VU01601A.jpg,OUTLAW GOLF (4).jpg,RENOMEADO
VU01603J.jpg,OUTLAW GOLF (5).jpg,RENOMEADO
VU01702A.jpg,The Hulk.jpg,RENOMEADO
VU01901A.jpg,Total Immersion Racing (2).jpg,RENOMEADO
VU02001A.jpg,Dark Angel Release.jpg,RENOMEADO
VU02101K-NTSC-J-World-Collection.jpg,The Simpsons Hit & Run - NTSC - J - WORLD - COLLECTION.jpg,RENOMEADO
VU02101K-NTSC-U-Platinum.jpg,The Simpsons Hit & Run - NTSC - U - PLATINUM.jpg,RENOMEADO
VU02101K.jpg,The Simpsons Hit & Run.jpg,RENOMEADO
VU02102E-PAL-AUS-BEST-OF-CLASSICS.jpg,The Simpsons Hit & Run - PAL Release - PAL - AUS - BEST - OF - CLASSICS.jpg,RENOMEADO
VU02102E-PAL-AUS-CLASSICS.jpg,The Simpsons Hit & Run - PAL Release - PAL - AUS - CLASSICS.jpg,RENOMEADO
VU02102E-PAL-DEU.jpg,The Simpsons Hit & Run - PAL Release - PAL - DEU.jpg,RENOMEADO
VU02102E.jpg,The Simpsons Hit & Run - PAL Release.jpg,RENOMEADO
VU02201A.jpg,Bruce Lee QOD.jpg,RENOMEADO
VU02302A.jpg,Seablade (2).jpg,RENOMEADO
VU02401K.jpg,Mace Griffin Bounty Hunter.jpg,RENOMEADO
VU02501K.jpg,Men Of Valor.jpg,RENOMEADO
VU02502E.jpg,Men Of Valor (2).jpg,RENOMEADO
VU02601A.jpg,Baldur's Gate Dark Alliance (2).jpg,RENOMEADO
VU02750A.jpg,Xbox Demos (2).jpg,RENOMEADO
VU03101K.jpg,Crash Nitro Kart.jpg,RENOMEADO
VU03102E-PAL-ESP.jpg,Crash Nitro Kart - PAL - ESP.jpg,RENOMEADO
VU03102E.jpg,Crash Nitro Kart (2).jpg,RENOMEADO
VU03302K.jpg,Jurassic Park Operation Genesis.jpg,RENOMEADO
VU03405E.jpg,AvP Extinction.jpg,RENOMEADO
VU03406A.jpg,AvP Extinction (2).jpg,RENOMEADO
VU03501K.jpg,The Hobbit.jpg,RENOMEADO
VU03502E-PAL-DEU.jpg,The Hobbit - PAL - DEU.jpg,RENOMEADO
VU03502E-PAL-FRA.jpg,The Hobbit - PAL - FRA.jpg,RENOMEADO
VU03502E.jpg,The Hobbit (2).jpg,RENOMEADO
VU03801K.jpg,Riddick.jpg,RENOMEADO
VU03901W.jpg,Red Ninja End of Honor.jpg,RENOMEADO
VU03902E.jpg,Red Ninja End of Honor (2).jpg,RENOMEADO
VU04001K-NTSC-J.jpg,Cat In The Hat - NTSC - J.jpg,RENOMEADO
VU04001K.jpg,Cat In The Hat.jpg,RENOMEADO
VU04002E.jpg,Cat In The Hat (2).jpg,RENOMEADO
VU04101K.jpg,Van Helsing.jpg,RENOMEADO
VU04102E-PAL-EUR.jpg,Van Helsing - PAL - EUR.jpg,RENOMEADO
VU04102E.jpg,Van Helsing (2).jpg,RENOMEADO
VU04202E.jpg,Barbie(tm) Horse.jpg,RENOMEADO
VU04205K.jpg,Barbie(tm) Horse (2).jpg,RENOMEADO
VU04501K-NTSC-J.jpg,Hunter Redeemer - NTSC - J.jpg,RENOMEADO
VU04501K.jpg,Hunter Redeemer.jpg,RENOMEADO
VU04502E.jpg,Hunter Redeemer (2).jpg,RENOMEADO
VU04702W.jpg,FightClub.jpg,RENOMEADO
VU04801W.jpg,Predator.jpg,RENOMEADO
VU04901E.jpg,Leisure Suit Larry MCL.jpg,RENOMEADO
VU04902K.jpg,Leisure Suit Larry MCL (2).jpg,RENOMEADO
VU04905E.jpg,Leisure Suit Larry MCL (3).jpg,RENOMEADO
VU05201W.jpg,Spyro A Hero's Tail.jpg,RENOMEADO
VU05202E.jpg,Spyro A Hero's Tail (2).jpg,RENOMEADO
VU05401W.jpg,Crash Twinsanity.jpg,RENOMEADO
VU05402E-PAL-AUS.jpg,Crash Twinsanity - PAL - AUS.jpg,RENOMEADO
VU05402E.jpg,Crash Twinsanity (2).jpg,RENOMEADO
VU05501K-NTSC-JS.jpg,Robots - NTSC - JS.jpg,RENOMEADO
VU05501K.jpg,Robots.jpg,RENOMEADO
VU05502E-PAL-DEU.jpg,Robots - PAL - DEU.jpg,RENOMEADO
VU05502E.jpg,Robots (2).jpg,RENOMEADO
VU05702E.jpg,The Incredible HulkUltimate Destruction.jpg,RENOMEADO
VU05703W.jpg,The Incredible HulkUltimate Destruction (2).jpg,RENOMEADO
VU06301W-PAL-GBR.jpg,Scarface - PAL - GBR.jpg,RENOMEADO
VU06301W.jpg,Scarface.jpg,RENOMEADO
VU06302E.jpg,Scarface (2).jpg,RENOMEADO
VU06401E.jpg,Men Of Valor (3).jpg,RENOMEADO
VU06501E.jpg,Crash Tag Team Racing.jpg,RENOMEADO
VU06502W.jpg,Crash Tag Team Racing (2).jpg,RENOMEADO
VU06601W-PAL-GBR.jpg,50 Cent Bulletproof - PAL - GBR.jpg,RENOMEADO
VU06601W.jpg,50 Cent Bulletproof.jpg,RENOMEADO
VU06602E.jpg,50 Cent Bulletproof (2).jpg,RENOMEADO
VU06701W.jpg,Eragon.jpg,RENOMEADO
VU07202W.jpg,BPS Trophy Hunter 2007.jpg,RENOMEADO
VU07301W.jpg,BPS Trophy Bass 2007.jpg,RENOMEADO
VU07401W.jpg,TLoS A New Beginning.jpg,RENOMEADO
VU07501W.jpg,Ice Age 2 The Meltdown.jpg,RENOMEADO
VV00101E.jpg,Crash Bandicoot tWoC (2).jpg,RENOMEADO
VV00201E.jpg,Bruce Lee QOD (2).jpg,RENOMEADO
VV00301E.jpg,The Thing (2).jpg,RENOMEADO
VV00501E.jpg,The Fellowship of the Ring (2).jpg,RENOMEADO
VV00801E-PAL-AUS.jpg,The Hulk - PAL - AUS.jpg,RENOMEADO
VV00801E-PAL-DEU.jpg,The Hulk - PAL - DEU.jpg,RENOMEADO
VV00801E.jpg,The Hulk (2).jpg,RENOMEADO
VV01001E-PAL-DEU.jpg,Jurassic Park Operation Genesis - PAL - DEU.jpg,RENOMEADO
VV01001E-PAL-ESP.jpg,Jurassic Park Operation Genesis - PAL - ESP.jpg,RENOMEADO
VV01001E.jpg,Jurassic Park Operation Genesis (2).jpg,RENOMEADO
VV01301E-PAL-ESP.jpg,Dredd vs Death - PAL - ESP.jpg,RENOMEADO
VV01301E-PAL-FRA.jpg,Dredd vs Death - PAL - FRA.jpg,RENOMEADO
VV01301E.jpg,Dredd vs Death.jpg,RENOMEADO
VV01302E.jpg,Dredd vs Death (2).jpg,RENOMEADO
VV01601E-PAL-DEU.jpg,Dark Angel Release - PAL - DEU.jpg,RENOMEADO
VV01601E-PAL-FRA.jpg,Dark Angel Release - PAL - FRA.jpg,RENOMEADO
VV01601E.jpg,Dark Angel Release (2).jpg,RENOMEADO
VV01701E-PAL-FRA.jpg,Mace Griffin Bounty Hunter - PAL - FRA.jpg,RENOMEADO
VV01701E.jpg,Mace Griffin Bounty Hunter (2).jpg,RENOMEADO
VV01702E.jpg,Mace Griffin Bounty Hunter (3).jpg,RENOMEADO
VV03301E-PAL-ESP.jpg,BloodRayne - PAL - ESP.jpg,RENOMEADO
VV03301E-PAL-FRA.jpg,BloodRayne - PAL - FRA.jpg,RENOMEADO
VV03301E.jpg,BloodRayne (2).jpg,RENOMEADO
VV03701K.jpg,SWATGST.jpg,RENOMEADO
VV03702E-PAL-FRA.jpg,SWATGST - PAL - FRA.jpg,RENOMEADO
VV03702E.jpg,SWATGST (2).jpg,RENOMEADO
VV03703E.jpg,SWATGST (3).jpg,RENOMEADO
VV04105E.jpg,Die Hard Vendetta.jpg,RENOMEADO
VV04106E.jpg,Die Hard Vendetta (2).jpg,RENOMEADO
WE00102A.jpg,Ultimate Beach Soccer.jpg,RENOMEADO
WE00504A.jpg,Curse - The Eye of Isis.jpg,RENOMEADO
WE00505E-PAL-DEU.jpg,Curse - The Eye of Isis - PAL - DEU.jpg,RENOMEADO
WE00505E.jpg,Curse - The Eye of Isis (2).jpg,RENOMEADO
WR00101L.jpg,Justice League Heroes.jpg,RENOMEADO
XI00101A.jpg,MetalDungeon (4).jpg,RENOMEADO
XI00401L.jpg,Black Stone.jpg,RENOMEADO
XI00501A.jpg,Lotus Challenge.jpg,RENOMEADO
XI00701A.jpg,Dredd vs Death (3).jpg,RENOMEADO
XK01005E.jpg,Kiosk OZNZ XMAS.jpg,RENOMEADO
XL01101J.jpg,Zunou Taisen LIVE.jpg,RENOMEADO
XL01504A.jpg,CDX.jpg,RENOMEADO
XL02070W.jpg,CDX (2).jpg,RENOMEADO
XM00201E.jpg,Malice (2).jpg,RENOMEADO
XM00301A.jpg,Championship Bowling.jpg,RENOMEADO
XP00101J.jpg,鬼疫.jpg,RENOMEADO
XP00401J.jpg,Hello Kitty - Mission Rescue.jpg,RENOMEADO
XP00402E-PAL-AUS.jpg,Hello Kitty Roller Rescue - PAL - AUS.jpg,RENOMEADO
XP00402E-PAL-DEU.jpg,Hello Kitty Roller Rescue - PAL - DEU.jpg,RENOMEADO
XP00402E.jpg,Hello Kitty Roller Rescue.jpg,RENOMEADO
XX00702A.jpg,Media Center Extender for Xbox.jpg,RENOMEADO
YB00101J.jpg,MURAKUMO (2).jpg,RENOMEADO
ZD00101E.jpg,PoolShark2.jpg,RENOMEADO
ZD00401E-PAL-DEU.jpg,Alien Hominid - PAL - DEU.jpg,RENOMEADO
ZD00401E.jpg,Alien Hominid.jpg,RENOMEADO
